SampleID,MPG,RiverSystem,Site,Habitat,SnohomishRegion,LifeHistory,MCL_mm,MCW_g,nHatchery,nWild,Natural_%,MajorityOrigin,Lipids_%,HCB ,aHCH ,bHCH ,lindane ,SumHCHs ,achlor ,cno ,bchlor ,hept ,HPE ,no3 ,oxychlor ,tno ,SumCHLDs ,aldrin ,diel ,mirex ,eslf1 ,cb17 ,cb18 ,cb28 ,cb31 ,cb33 ,cb44 ,cb49 ,cb52 ,cb66 ,cb70 ,cb74 ,cb82 ,cb87 ,cb95 ,cb99 ,cb101 ,cb105 ,cb110 ,cb118 ,cb128 ,cb138 ,cb149 ,cb151 ,cb153 ,cb156 ,cb158 ,cb170 ,cb171 ,cb177 ,cb180 ,cb183 ,cb187 ,cb191 ,cb194 ,cb195 ,cb199 ,cb205 ,cb206 ,cb208 ,cb209 ,Sum40CBs ,TotalPCBs ,opDDD ,opdde ,opDDT ,ppDDD ,ppDDE ,ppDDT ,SumDDTs ,BDE28 ,BDE47 ,BDE49 ,BDE66 ,BDE85 ,BDE99 ,BDE100 ,BDE153 ,BDE154 ,BDE155 ,BDE183 ,Sum47+99,SumBDE ,UWdeltaN_FINAL,UW_deltaC_NotExt,UW_C:N,UW_deltaC_CalcFINAL,UW_deltaS_FINAL,NOAA_delta 13C,NOAA_delta 15N
16ST-TW_Dfp01r1,Central Eastern,Stilliguamish ,Zis a bah,Delta,,fry/parr,48.6175,1.625,0,4,100,Wild,1.055581584,< 0.20,< 0.20,< 0.20,< 0.20,< 0.20,< 0.20,< 0.20,< 0.20,< 0.20,< 0.20,< 0.20,< 0.59,< 0.20,< 0.59,< 0.20,0.5,< 0.20,< 0.59,< 0.20,0.24,0.22,0.26,< 0.20,< 0.20,< 0.21,< 0.20,< 0.20,< 0.20,< 0.20,< 0.20,< 0.20,< 0.20,0.22,0.34,< 0.20,0.36,0.4,< 0.21,0.69,0.3,< 0.20,0.75,< 0.20,< 0.20,< 0.21,< 0.21,< 0.21,< 0.20,< 0.20,< 0.20,< 0.21,< 0.20,< 0.20,< 0.21,< 0.20,< 0.20,< 0.20,< 0.20,3.8,5.3,< 0.20,< 0.21,< 0.20,< 0.20,3.2,0.45,3.7,NR,NR,NR,NR,NR,NR,NR,NR,NR,NR,NR,,NR,,,,,,,
16ST-TW_Dfp01r2,Central Eastern,Stilliguamish ,Zis a bah,Delta,,fry/parr,71.7175,4.125,2,2,50,Hatchery/Wild,1.16638342,< 0.25,< 0.24,< 0.25,< 0.25,< 0.25,< 0.25,< 0.25,< 0.25,< 0.25,< 0.25,< 0.25,< 0.71,< 0.25,< 0.71,< 0.25,0.35,< 0.25,< 0.72,< 0.25,0.26,< 0.25,< 0.25,< 0.25,< 0.25,< 0.25,< 0.25,< 0.25,< 0.25,< 0.25,< 0.25,< 0.25,< 0.25,< 0.25,0.32,< 0.25,0.35,0.42,< 0.25,0.77,0.32,< 0.25,0.81,< 0.25,< 0.25,< 0.25,< 0.25,< 0.25,< 0.25,< 0.25,< 0.25,< 0.25,< 0.25,< 0.25,< 0.25,< 0.25,< 0.25,< 0.25,< 0.25,3.3,5.2,< 0.25,< 0.25,< 0.25,< 0.24,2.3,0.37,2.6,NR,NR,NR,NR,NR,NR,NR,NR,NR,NR,NR,,NR,12.6747,-17.2402,3.217077286,-17.37529349,13.783,,
16ST-TW_Dfp02,Central Eastern,Stilliguamish ,Delta Purple Martin Way,Delta,,fry/parr,72.362,4.34,5,0,0,Hatchery,2.66474413,0.35,< 0.21,< 0.21,< 0.21,< 0.21,< 0.21,< 0.21,< 0.21,< 0.21,< 0.22,< 0.21,< 0.62,0.23,0.23,< 0.21,0.24,< 0.21,< 0.62,< 0.21,0.32,0.29,0.31,< 0.21,< 0.21,< 0.22,0.25,< 0.21,0.26,< 0.21,< 0.21,< 0.22,< 0.21,0.36,0.54,0.25,0.49,0.58,< 0.22,1.1,0.51,< 0.21,1.2,< 0.21,< 0.21,< 0.22,< 0.22,< 0.22,0.28,< 0.21,0.33,< 0.22,< 0.22,< 0.22,< 0.22,< 0.22,< 0.21,< 0.22,< 0.21,7.1,10,< 0.21,< 0.22,< 0.21,0.22,2.4,< 0.22,2.7,NR,NR,NR,NR,NR,NR,NR,NR,NR,NR,NR,,NR,11.6162,-20.357,3.836234503,-19.87912784,12.2185,,
16ST-TW_Dfp03,Central Eastern,Stilliguamish ,Synova Beach,Delta,,fry/parr,77.574,6.06,5,0,0,Hatchery,2.362780831,0.36,< 0.18,< 0.19,< 0.19,< 0.19,< 0.19,< 0.18,< 0.18,< 0.19,< 0.19,< 0.19,< 0.53,0.32,0.32,< 0.19,0.31,< 0.19,< 0.53,< 0.18,0.31,0.31,0.33,0.2,< 0.19,0.2,0.26,0.2,0.25,< 0.19,< 0.18,0.2,0.21,0.4,0.55,0.29,0.5,0.66,< 0.19,1.2,0.46,< 0.19,1.3,< 0.19,< 0.19,< 0.19,< 0.19,< 0.19,0.34,< 0.19,0.31,< 0.19,< 0.19,< 0.19,< 0.19,< 0.19,< 0.19,< 0.19,< 0.19,8.5,12,< 0.19,< 0.19,< 0.19,0.23,2.6,< 0.19,2.9,< 0.18,0.99,0.26,< 0.19,< 0.19,0.21,< 0.19,< 0.19,< 0.19,< 0.19,< 0.19,1.2,1.5,11.6335,-20.5724,3.718925074,-20.21066418,10.9348,,
16ST-TW_Dfp04r1,Central Eastern,Stilliguamish ,Clown Channel,Delta,,fry/parr,50.46666667,1.577777778,0,9,100,Wild,1.236879004,0.15,< 0.11,< 0.11,< 0.11,< 0.11,< 0.11,< 0.11,< 0.11,< 0.11,< 0.11,< 0.11,< 0.31,0.18,0.18,< 0.11,0.11,< 0.11,< 0.31,0.12,0.31,0.27,0.31,0.2,0.13,0.14,0.17,0.13,0.19,< 0.11,< 0.11,0.16,0.13,0.27,0.42,0.23,0.41,0.5,0.16,0.94,0.37,0.11,1.1,< 0.11,< 0.11,0.13,< 0.11,< 0.11,0.28,< 0.11,0.26,< 0.11,< 0.11,< 0.11,< 0.11,< 0.11,< 0.11,< 0.11,< 0.11,7.4,10,< 0.11,< 0.11,< 0.11,< 0.11,1.8,0.11,1.9,< 0.11,1.2,0.26,< 0.11,< 0.11,1.4,0.29,< 0.11,< 0.11,< 0.11,< 0.11,2.6,3.1,,,,,,,
16ST-TW_Dfp04r2,Central Eastern,Stilliguamish ,Clown Channel,Delta,,fry/parr,66.43833333,3.7,4,2,33.33333333,Hatchery,2.237493672,0.27,< 0.098,< 0.10,< 0.10,< 0.10,< 0.10,< 0.099,< 0.099,< 0.10,< 0.10,< 0.10,< 0.29,0.27,0.27,< 0.10,0.15,< 0.10,< 0.29,0.13,0.34,0.32,0.37,0.22,0.18,0.19,0.28,0.19,0.24,0.13,< 0.099,0.17,0.2,0.4,0.49,0.26,0.46,0.57,0.19,1.2,0.43,0.14,1.4,< 0.10,< 0.10,0.14,< 0.10,< 0.10,0.34,0.12,0.27,< 0.10,< 0.10,< 0.10,< 0.10,< 0.10,< 0.10,< 0.10,< 0.10,9.3,12,< 0.10,< 0.10,< 0.10,0.19,2.3,0.15,2.6,< 0.099,0.8,0.25,< 0.10,< 0.10,0.27,0.17,< 0.10,< 0.10,< 0.10,< 0.10,1.07,1.5,11.6471,-20.676,3.687388125,-20.34548576,11.1786,,
16ST-TW_Hp01,Central Eastern,Stilliguamish ,NF Stilly Whitehorse Hatchery,Hatchery,,parr,71.01,4.1,6,0,0,Hatchery,5.979742527,0.36,< 0.098,< 0.10,< 0.10,< 0.10,< 0.10,< 0.099,< 0.099,< 0.10,< 0.10,< 0.10,0.47,0.26,0.73,< 0.10,0.15,< 0.10,< 0.29,0.16,0.41,0.39,0.44,0.27,0.24,0.27,0.39,0.25,0.34,0.17,< 0.099,0.2,0.33,0.43,0.69,0.31,0.63,0.68,0.18,1.2,0.62,0.18,1.4,< 0.10,< 0.10,0.12,< 0.10,0.11,0.3,0.1,0.36,< 0.10,< 0.10,< 0.10,< 0.10,< 0.10,< 0.10,< 0.10,< 0.10,11,14,< 0.10,< 0.10,< 0.10,0.32,2.8,< 0.10,3.2,< 0.099,0.68,0.27,< 0.10,< 0.10,0.2,0.13,< 0.10,< 0.10,< 0.10,< 0.10,0.88,1.3,11.9037,-20.867,4.751102108,-19.48340891,13.0708,-19.37553392,12.54036147
16ST-TW_Hp01,Central Eastern,Stilliguamish ,NF Stilly Whitehorse Hatchery,Hatchery,,parr,71.01,4.1,6,0,0,Hatchery,5.979742527,0.36,< 0.098,< 0.10,< 0.10,< 0.10,< 0.10,< 0.099,< 0.099,< 0.10,< 0.10,< 0.10,0.47,0.26,0.73,< 0.10,0.15,< 0.10,< 0.29,0.16,0.41,0.39,0.44,0.27,0.24,0.27,0.39,0.25,0.34,0.17,< 0.099,0.2,0.33,0.43,0.69,0.31,0.63,0.68,0.18,1.2,0.62,0.18,1.4,< 0.10,< 0.10,0.12,< 0.10,0.11,0.3,0.1,0.36,< 0.10,< 0.10,< 0.10,< 0.10,< 0.10,< 0.10,< 0.10,< 0.10,11,14,< 0.10,< 0.10,< 0.10,0.32,2.8,< 0.10,3.2,< 0.099,0.68,0.27,< 0.10,< 0.10,0.2,0.13,< 0.10,< 0.10,< 0.10,< 0.10,0.88,1.3,11.9037,-20.867,4.751102108,-19.48340891,13.0708,-19.65612764,12.59818244
16ST-TW_Nfp01,Central Eastern,Stilliguamish ,Triangle Cove,Nearshore,,fry/parr,68.582,4,4,1,20,Hatchery,1.144570868,0.22,< 0.15,< 0.16,< 0.16,< 0.16,< 0.16,< 0.16,< 0.16,< 0.16,< 0.16,< 0.16,< 0.45,< 0.16,< 0.45,< 0.16,< 0.16,< 0.16,< 0.45,< 0.16,0.29,0.26,0.29,0.2,< 0.16,0.17,0.21,0.17,0.2,< 0.16,< 0.16,< 0.16,0.17,0.28,0.48,0.21,0.42,0.44,< 0.16,0.9,0.44,< 0.16,0.99,< 0.16,< 0.16,< 0.16,< 0.16,< 0.16,0.22,< 0.16,0.27,< 0.16,< 0.16,< 0.16,< 0.16,< 0.16,< 0.16,< 0.16,< 0.16,6.6,8.9,< 0.16,< 0.16,0.28,0.17,1.6,< 0.16,2.1,< 0.16,0.42,0.24,< 0.16,< 0.16,0.18,< 0.16,< 0.16,< 0.16,< 0.16,< 0.16,0.6,0.84,12.1458,-18.5731,3.488466627,-18.43951804,12.6568,,
16ST-TW_Nfp02,Central Eastern,Stilliguamish ,Driftwood Shores Acres,Nearshore,,fry/parr,68.282,3.36,5,0,0,Hatchery,1.176797384,0.27,< 0.19,< 0.19,< 0.19,< 0.19,< 0.19,< 0.19,< 0.19,< 0.19,< 0.19,< 0.19,< 0.55,< 0.19,< 0.55,< 0.19,< 0.19,< 0.19,< 0.55,< 0.19,0.31,0.28,0.29,0.21,< 0.19,< 0.19,0.21,< 0.19,0.23,< 0.19,< 0.19,< 0.19,< 0.19,0.33,0.5,0.21,0.48,0.52,< 0.19,1.1,0.52,< 0.19,1.2,< 0.19,< 0.19,< 0.19,< 0.19,< 0.19,0.26,< 0.19,0.32,< 0.19,< 0.19,< 0.19,< 0.19,< 0.19,< 0.19,< 0.19,< 0.19,6.9,9.6,< 0.19,< 0.19,< 0.19,< 0.19,1.9,< 0.19,1.9,< 0.19,0.38,0.22,< 0.19,< 0.19,< 0.19,< 0.19,< 0.19,< 0.19,< 0.19,< 0.19,0.57,0.6,12.058,-18.5375,3.360446979,-18.53065749,12.8335,,
16ST-TW_Nfp03,Central Eastern,Stilliguamish ,S Camano CC,Nearshore,,fry/parr,71.86,4.15,6,0,0,Hatchery,1.945401038,0.35,< 0.17,< 0.17,< 0.17,< 0.17,< 0.17,< 0.17,< 0.17,< 0.17,< 0.17,< 0.17,< 0.50,< 0.17,< 0.50,< 0.17,< 0.17,< 0.17,< 0.50,< 0.17,0.36,0.32,0.31,0.23,0.19,0.21,0.27,0.21,0.26,< 0.17,< 0.17,0.19,0.22,0.42,0.67,0.26,0.59,0.6,0.18,1.3,0.65,0.18,1.5,< 0.17,< 0.17,< 0.17,< 0.17,< 0.17,0.32,< 0.17,0.39,< 0.17,< 0.17,< 0.17,< 0.17,< 0.17,< 0.17,< 0.17,< 0.17,9.8,13,< 0.17,< 0.17,< 0.17,0.21,1.8,< 0.17,2,< 0.17,0.63,0.25,< 0.17,< 0.17,0.23,0.19,< 0.17,< 0.17,< 0.17,< 0.17,0.86,1.3,11.436,-18.8017,3.50224319,-18.65447924,12.488,,
16ST-TW_Nfp04,Central Eastern,Stilliguamish ,Kayak Point,Nearshore,,fry/parr,64.888,3.62,5,0,0,Hatchery,1.496862764,0.83,< 0.12,< 0.12,< 0.12,< 0.12,0.12,0.17,< 0.12,< 0.12,< 0.12,< 0.12,< 0.34,0.58,0.87,< 0.12,0.17,< 0.12,< 0.34,0.13,0.34,0.35,0.34,0.22,0.2,0.25,0.38,0.26,0.3,0.17,< 0.12,0.27,0.36,0.7,0.96,0.4,0.78,0.92,0.33,2.1,0.86,0.27,2.6,< 0.12,0.16,0.26,< 0.12,0.22,0.68,0.27,0.68,< 0.12,< 0.12,< 0.12,< 0.12,< 0.12,< 0.12,< 0.12,< 0.12,16,21,< 0.12,< 0.12,< 0.12,0.33,4.3,0.14,4.8,< 0.12,2.9,0.39,< 0.12,0.18,4.1,0.96,0.51,0.35,< 0.12,< 0.12,7,9.4,12.2955,-18.9094,3.451925283,-18.81199397,13.8579,,
16ST-TW_Rfp01,Central Eastern,Stilliguamish ,South Fork Seine (Klein Farm),River,,fry/parr,43.658,0.96,1,9,90,Wild,1.830443819,0.22,< 0.20,< 0.20,< 0.20,< 0.20,< 0.20,< 0.20,< 0.20,< 0.20,< 0.20,< 0.20,< 0.59,0.26,0.26,< 0.20,< 0.20,< 0.20,< 0.59,< 0.20,0.42,0.4,0.39,0.3,0.21,0.21,0.31,0.23,0.31,< 0.20,< 0.20,0.26,0.31,0.54,0.87,0.32,0.72,0.72,< 0.20,1.5,0.79,0.23,1.7,< 0.20,< 0.20,< 0.21,< 0.21,< 0.20,0.38,< 0.20,0.45,< 0.20,< 0.20,< 0.20,< 0.20,< 0.20,< 0.20,< 0.20,< 0.20,12,15,< 0.20,< 0.20,< 0.20,< 0.20,3,< 0.20,3,< 0.20,1.5,0.39,< 0.21,< 0.20,0.81,0.43,< 0.20,< 0.20,< 0.20,< 0.20,2.31,3.2,,,,,,,
16ST-TW_Tp01,Central Eastern,Stilliguamish ,Stilly Trap,River,,parr,86.882,7.66,4,1,20,Hatchery,2.568883502,0.25,< 0.17,< 0.18,< 0.18,< 0.18,< 0.18,< 0.18,< 0.18,< 0.18,< 0.18,< 0.18,< 0.51,< 0.18,< 0.51,< 0.18,< 0.18,< 0.18,< 0.51,< 0.18,0.34,0.33,0.31,0.23,< 0.18,< 0.18,0.19,< 0.18,0.2,< 0.18,< 0.18,< 0.18,< 0.18,0.23,0.42,0.21,0.45,0.5,< 0.18,0.91,0.42,< 0.18,0.98,< 0.18,< 0.18,< 0.18,< 0.18,< 0.18,0.26,< 0.18,0.27,< 0.18,< 0.18,< 0.18,< 0.18,< 0.18,< 0.18,< 0.18,< 0.18,6.2,8.8,< 0.18,< 0.18,< 0.18,< 0.17,1.9,< 0.18,1.9,< 0.18,0.54,0.26,< 0.18,< 0.18,0.53,0.19,< 0.18,< 0.18,< 0.18,< 0.18,1.07,1.5,9.6331,-21.9764,3.687430457,-21.64584385,4.6771,,
16SK-TW_Df01,Central Eastern,Skagit ,Swinomish Channel Old Bridge Blind,Delta,,fry,50.529,1.16,0,10,100,Wild,1.159207497,0.44,< 0.12,< 0.12,< 0.12,< 0.12,1.2,0.64,0.88,< 0.12,< 0.12,0.14,0.36,1.9,5.1,< 0.12,0.3,< 0.12,< 0.12,< 0.12,0.17,0.18,0.2,< 0.12,0.13,0.14,0.19,0.16,0.21,< 0.12,< 0.12,< 0.12,0.19,0.4,0.55,0.25,0.46,0.56,0.17,1.2,0.47,< 0.12,1.3,< 0.12,< 0.12,< 0.12,< 0.12,< 0.12,0.33,< 0.12,0.38,< 0.12,< 0.12,< 0.12,< 0.12,< 0.12,< 0.12,< 0.12,< 0.12,7.6,11,< 0.12,< 0.12,0.2,0.32,5.7,1.1,7.4,< 0.12,1.4,0.24,< 0.12,< 0.12,1.1,0.37,< 0.12,< 0.12,< 0.12,< 0.12,2.5,3,13.2417,-18.0093,3.500166118,-17.86413554,14.5324,-17.49711487,13.31895065
16SK-TW_Df02,Central Eastern,Skagit ,IKA Upper,Delta,,fry,48.515,1.05,0,10,100,Wild,1.221525177,< 0.13,< 0.13,< 0.13,< 0.13,< 0.13,< 0.13,< 0.13,< 0.13,< 0.13,< 0.13,< 0.13,< 0.13,0.18,0.18,< 0.13,0.14,< 0.13,< 0.13,< 0.13,0.18,0.19,0.21,< 0.13,< 0.13,< 0.14,< 0.13,< 0.13,0.14,< 0.13,< 0.13,< 0.13,< 0.13,0.26,0.35,0.18,0.32,0.4,< 0.13,0.8,0.35,< 0.13,0.93,< 0.13,< 0.13,< 0.14,< 0.14,< 0.13,0.21,< 0.13,0.26,< 0.13,< 0.13,< 0.13,< 0.13,< 0.13,< 0.13,< 0.13,< 0.13,4.8,7,< 0.13,< 0.13,< 0.13,< 0.13,3.2,0.39,3.6,< 0.13,0.85,0.22,< 0.13,< 0.13,0.66,0.21,< 0.13,< 0.13,< 0.13,< 0.13,1.51,1.9,12.0306,-20.7045,3.574638078,-20.4856083,9.4032,-20.67522843,11.99006541
16SK-TW_Df02,Central Eastern,Skagit ,IKA Upper,Delta,,fry,48.515,1.05,0,10,100,Wild,1.221525177,< 0.13,< 0.13,< 0.13,< 0.13,< 0.13,< 0.13,< 0.13,< 0.13,< 0.13,< 0.13,< 0.13,< 0.13,0.18,0.18,< 0.13,0.14,< 0.13,< 0.13,< 0.13,0.18,0.19,0.21,< 0.13,< 0.13,< 0.14,< 0.13,< 0.13,0.14,< 0.13,< 0.13,< 0.13,< 0.13,0.26,0.35,0.18,0.32,0.4,< 0.13,0.8,0.35,< 0.13,0.93,< 0.13,< 0.13,< 0.14,< 0.14,< 0.13,0.21,< 0.13,0.26,< 0.13,< 0.13,< 0.13,< 0.13,< 0.13,< 0.13,< 0.13,< 0.13,4.8,7,< 0.13,< 0.13,< 0.13,< 0.13,3.2,0.39,3.6,< 0.13,0.85,0.22,< 0.13,< 0.13,0.66,0.21,< 0.13,< 0.13,< 0.13,< 0.13,1.51,1.9,12.0306,-20.7045,3.574638078,-20.4856083,9.4032,-20.29720634,12.07380612
16SK-TW_Df04,Central Eastern,Skagit ,Browns SI Diked Side,Delta,,fry,51.418,1.47,0,10,100,Wild,1.168525317,< 0.12,< 0.12,< 0.12,< 0.12,< 0.12,< 0.12,< 0.12,< 0.12,< 0.12,< 0.12,< 0.12,< 0.12,0.23,0.23,< 0.12,0.4,< 0.12,< 0.12,< 0.12,0.17,0.17,0.18,< 0.12,< 0.12,< 0.12,< 0.12,< 0.12,< 0.12,< 0.12,< 0.12,< 0.12,< 0.12,0.17,0.25,0.14,0.27,0.3,< 0.12,0.63,0.27,< 0.12,0.73,< 0.12,< 0.12,< 0.12,< 0.12,< 0.12,0.18,< 0.12,0.23,< 0.12,< 0.12,< 0.12,< 0.12,< 0.12,< 0.12,< 0.12,< 0.12,3.7,5.6,0.14,< 0.12,0.22,0.77,5.4,1.2,7.7,< 0.12,0.47,0.18,< 0.12,< 0.12,0.37,0.16,< 0.12,< 0.12,< 0.12,< 0.12,0.84,1.2,12.562,-22.9781,3.464115534,-22.86862562,9.8348,-23.40809432,12.1864573
16SK-TW_Df06,Central Eastern,Skagit ,Tom Moore,Delta,,fry,42.512,0.69,0,10,100,Wild,1.344555674,0.16,< 0.10,< 0.11,< 0.11,< 0.11,< 0.11,0.22,< 0.11,< 0.11,< 0.11,< 0.11,0.16,0.68,1.1,< 0.11,0.18,< 0.11,< 0.11,< 0.11,0.2,0.2,0.21,0.13,0.12,0.13,0.19,0.15,0.2,< 0.11,< 0.11,0.13,0.2,0.38,0.56,0.23,0.46,0.5,0.17,1.1,0.5,0.14,1.2,< 0.11,< 0.11,< 0.11,< 0.11,< 0.11,0.27,< 0.11,0.35,< 0.11,< 0.11,< 0.11,< 0.11,< 0.11,< 0.11,< 0.11,< 0.11,7.7,11,< 0.11,< 0.11,0.11,0.39,5.3,0.68,6.4,< 0.11,1.2,0.27,< 0.11,< 0.11,0.55,0.26,< 0.11,< 0.11,< 0.11,< 0.11,1.75,2.3,,,,,,,
16SK-TW_Dp01,Central Eastern,Skagit ,Swinomish Ch Site 55,Delta,,parr,68.916,3.6,0,5,100,Wild,0.901394682,0.17,< 0.11,< 0.11,< 0.11,< 0.11,< 0.11,0.11,< 0.11,< 0.11,< 0.11,< 0.11,0.23,0.38,0.73,< 0.11,0.19,< 0.11,< 0.11,< 0.11,0.21,0.19,0.21,0.14,< 0.11,0.11,0.12,< 0.11,0.14,< 0.11,< 0.11,< 0.11,< 0.11,0.2,0.27,0.16,0.29,0.36,< 0.11,0.66,0.24,< 0.11,0.73,< 0.11,< 0.11,< 0.11,< 0.11,< 0.11,0.22,< 0.11,0.2,< 0.11,< 0.11,< 0.11,< 0.11,< 0.11,< 0.11,< 0.11,< 0.11,4.4,6.2,< 0.11,< 0.11,< 0.11,0.35,4.7,0.5,5.5,< 0.11,0.75,0.21,< 0.11,< 0.11,0.78,0.21,< 0.11,< 0.11,< 0.11,< 0.11,1.53,2,10.4922,-19.7099,3.379047173,-19.6846433,9.6863,-19.57526209,10.19960938
16SK-TW_Dp03,Central Eastern,Skagit ,Fish Town Bar/Fishtown Bar Area,Delta,,parr,60.434,2.52,0,5,100,Wild,1.017155354,< 0.13,< 0.13,< 0.13,< 0.13,< 0.13,< 0.13,< 0.13,< 0.13,< 0.13,< 0.13,< 0.13,< 0.13,0.15,0.15,< 0.13,0.23,< 0.13,< 0.13,< 0.13,0.19,0.2,0.2,0.13,< 0.13,< 0.13,< 0.13,< 0.13,0.16,< 0.13,< 0.13,< 0.13,< 0.13,0.17,0.23,< 0.13,0.23,0.3,< 0.13,0.59,0.2,< 0.13,0.64,< 0.13,< 0.13,< 0.13,< 0.13,< 0.13,0.2,< 0.13,0.18,< 0.13,< 0.13,< 0.13,< 0.13,< 0.13,< 0.13,< 0.13,< 0.13,3.6,5.1,< 0.13,< 0.13,< 0.13,< 0.13,2.3,0.17,2.5,< 0.13,0.67,0.19,< 0.13,< 0.13,0.73,0.24,< 0.13,< 0.13,< 0.13,< 0.13,1.4,1.8,7.9578,-24.6452,3.499700722,-24.50049629,3.335,-24.2177241,7.779104241
16SK-TW_Dp05r1,Central Eastern,Skagit ,Freshwater Sl 521/ Freshwater Slough Boat Ramp,Delta,,parr,63.024,3.14,0,5,100,Wild,1.017375381,0.13,< 0.095,< 0.097,< 0.097,< 0.097,< 0.097,< 0.096,< 0.096,< 0.097,< 0.097,< 0.097,0.13,0.16,0.28,< 0.097,0.29,< 0.097,< 0.097,< 0.096,0.2,0.18,0.2,0.13,0.11,0.11,0.12,0.11,0.15,< 0.097,< 0.096,< 0.097,< 0.097,0.16,0.23,0.15,0.25,0.32,0.1,0.57,0.21,< 0.097,0.64,< 0.097,< 0.097,< 0.098,< 0.098,< 0.098,0.18,< 0.097,0.18,< 0.098,< 0.097,< 0.097,< 0.098,< 0.097,< 0.097,< 0.097,< 0.097,4.3,6,< 0.097,< 0.098,< 0.097,0.21,2.6,0.27,3.1,< 0.096,1,0.22,< 0.098,< 0.097,1.2,0.26,0.14,< 0.097,< 0.097,< 0.097,2.2,2.9,8.2755,-24.0966,3.489409561,-23.96208453,1.9034,,
16SK-TW_Dp05r2,Central Eastern,Skagit ,Freshwater Sl 521/ Freshwater Slough Boat Ramp,Delta,,parr,73.492,4.3,0,5,100,Wild,1.255109877,0.16,< 0.12,< 0.12,< 0.12,< 0.12,< 0.12,< 0.12,< 0.12,< 0.12,< 0.12,< 0.12,< 0.12,0.2,0.2,< 0.12,0.32,< 0.12,< 0.12,< 0.12,0.21,0.21,0.22,0.14,< 0.12,< 0.12,0.14,< 0.12,0.18,< 0.12,< 0.12,< 0.12,< 0.12,0.15,0.25,0.17,0.31,0.34,< 0.12,0.51,0.2,< 0.12,0.54,< 0.12,< 0.12,< 0.12,< 0.12,< 0.12,0.15,< 0.12,0.14,< 0.12,< 0.12,< 0.12,< 0.12,< 0.12,< 0.12,< 0.12,< 0.12,3.9,5.3,< 0.12,< 0.12,< 0.12,0.31,3.2,0.39,3.9,< 0.12,1.1,0.23,< 0.12,< 0.12,1.1,0.25,0.14,< 0.12,< 0.12,< 0.12,2.2,2.8,7.7187,-23.9726,3.546425611,-23.78163865,2.7741,,
16DN-TW_Dp01,North West,Dungeness ,Ulva,Delta,,parr,76.82333333,5.366666667,2,1,33.33333333,Hatchery,2.706625331,0.27,< 0.075,< 0.076,< 0.076,< 0.076,0.09,9.60E-02,< 0.076,< 0.076,< 0.076,< 0.076,0.33,0.22,0.74,< 0.076,8.10E-02,< 0.076,< 0.076,8.20E-02,0.2,0.21,0.23,0.13,0.16,0.2,0.27,0.2,0.24,0.11,< 0.076,0.13,0.29,0.39,0.58,0.22,0.51,0.51,0.18,1.1,0.57,0.16,1.3,< 0.076,< 0.076,0.15,< 0.077,0.11,0.38,0.12,0.39,< 0.077,< 0.077,< 0.077,< 0.077,< 0.076,< 0.076,< 0.077,< 0.076,9.2,12,< 0.076,< 0.077,0.54,0.37,2.1,0.1,3.1,< 0.076,0.26,0.2,< 0.077,< 0.076,8.30E-02,< 0.076,< 0.076,< 0.076,< 0.077,< 0.077,0.343,0.54,10.9097,-20.9869,3.957674934,-20.38880182,9.0674,,
16DN-TW_Dp02r1,North West,Dungeness ,Cline Spit West,Delta,,parr,77.89,5.033333333,3,0,0,Hatchery,2.226958234,0.26,< 0.083,< 0.085,< 0.085,< 0.085,< 0.085,< 0.084,< 0.084,< 0.085,< 0.085,< 0.085,0.41,0.12,0.53,< 0.085,0.13,< 0.085,< 0.085,< 0.084,0.2,0.21,0.23,0.14,0.14,0.16,0.21,0.17,0.22,9.80E-02,< 0.084,0.11,0.22,0.29,0.47,0.19,0.43,0.45,0.14,0.91,0.47,0.13,1,< 0.085,< 0.085,9.20E-02,< 0.086,9.50E-02,0.22,< 0.085,0.31,< 0.085,< 0.085,< 0.085,< 0.085,< 0.085,< 0.085,< 0.085,< 0.085,7.3,9.5,< 0.085,< 0.085,< 0.085,0.21,1.4,< 0.085,1.6,< 0.084,0.25,0.21,< 0.085,< 0.085,0.31,0.12,< 0.085,< 0.085,< 0.085,< 0.085,0.56,0.89,10.7971,-19.6022,3.772014263,-19.18790588,10.0852,,
16DN-TW_Dp02r2,North West,Dungeness ,Cline Spit West,Delta,,parr,89.42,8.16,4,1,20,Hatchery,3.090613501,0.31,9.40E-02,0.12,< 0.093,0.21,0.11,9.90E-02,< 0.092,< 0.093,< 0.093,< 0.093,0.33,0.19,0.74,< 0.093,0.33,< 0.093,< 0.093,9.90E-02,0.24,0.24,0.26,0.16,0.19,0.23,0.32,0.21,0.27,0.12,< 0.093,0.14,0.33,0.36,0.6,0.22,0.55,0.5,0.15,1.1,0.58,0.16,1.1,< 0.093,< 0.093,0.12,< 0.094,0.1,0.29,< 0.093,0.33,< 0.094,< 0.094,< 0.094,< 0.094,< 0.093,< 0.093,< 0.094,< 0.093,9,11,< 0.093,< 0.094,< 0.093,0.47,1.9,0.11,2.4,< 0.093,0.21,0.2,< 0.094,< 0.093,< 0.093,< 0.093,< 0.093,< 0.093,< 0.094,< 0.094,0.303,0.41,11.0388,-19.9557,4.088192837,-19.22838909,12.1132,,
16DN-TW_Dp02r3,North West,Dungeness ,Cline Spit West,Delta,,parr,87.626,8.9,1,4,80,Wild,4.129294861,0.5,< 0.25,< 0.26,< 0.25,< 0.26,< 0.26,< 0.25,< 0.25,< 0.25,< 0.26,< 0.25,< 0.25,0.42,0.42,< 0.25,0.56,< 0.26,< 0.26,< 0.25,0.28,0.33,0.31,< 0.25,0.28,0.36,0.48,0.32,0.37,< 0.26,< 0.25,< 0.26,0.52,0.58,0.86,0.28,0.83,0.66,< 0.26,1.6,0.88,< 0.25,1.8,< 0.25,< 0.26,< 0.26,< 0.26,< 0.26,0.56,< 0.25,0.54,< 0.26,< 0.26,< 0.26,< 0.26,< 0.26,< 0.25,< 0.26,< 0.26,12,16,< 0.26,< 0.26,< 0.25,1.1,3.3,0.28,4.6,< 0.25,0.44,0.27,< 0.26,< 0.26,< 0.25,< 0.26,< 0.25,< 0.26,< 0.26,< 0.26,0.69,0.71,10.2574,-22.1176,3.977277676,-21.5000951,9.4279,-21.34358707,10.22652604
16DN-TW_Dp02r4,North West,Dungeness ,Cline Spit West,Delta,,parr,89.02,8.88,2,3,60,Hatchery/Wild,2.966153981,0.31,< 0.11,< 0.12,< 0.12,< 0.12,< 0.12,< 0.12,< 0.12,< 0.12,< 0.12,< 0.12,0.39,0.17,0.56,< 0.12,0.2,< 0.12,< 0.12,< 0.12,0.23,0.26,0.29,0.15,0.18,0.21,0.28,0.21,0.27,< 0.12,< 0.12,0.13,0.29,0.36,0.59,0.23,0.55,0.53,0.16,1.1,0.57,0.16,1.2,< 0.12,< 0.12,0.12,< 0.12,< 0.12,0.3,< 0.12,0.34,< 0.12,< 0.12,< 0.12,< 0.12,< 0.12,< 0.12,< 0.12,< 0.12,8.7,12,< 0.12,< 0.12,< 0.12,0.4,1.9,< 0.12,2.3,< 0.12,0.24,0.22,< 0.12,< 0.12,< 0.12,< 0.12,< 0.12,< 0.12,< 0.12,< 0.12,0.36,0.46,11.219,-19.8247,4.405364488,-18.78338916,12.1252,,
16DN-TW_Dp02r5,North West,Dungeness ,Cline Spit West,Delta,,parr,95.72666667,10.86666667,3,0,0,Hatchery,2.634621053,0.28,< 0.22,< 0.22,< 0.22,< 0.22,< 0.22,< 0.22,< 0.22,< 0.22,< 0.22,< 0.22,0.32,< 0.22,0.32,< 0.22,< 0.22,< 0.22,< 0.22,< 0.22,< 0.22,0.24,< 0.22,< 0.22,< 0.22,< 0.22,< 0.22,< 0.22,< 0.22,< 0.22,< 0.22,< 0.22,< 0.22,0.31,0.46,< 0.22,0.38,0.48,< 0.22,0.96,0.49,< 0.22,1.1,< 0.22,< 0.22,< 0.22,< 0.22,< 0.22,0.24,< 0.22,0.3,< 0.22,< 0.22,< 0.22,< 0.22,< 0.22,< 0.22,< 0.22,< 0.22,5,7.6,< 0.22,< 0.22,< 0.22,0.23,1.5,< 0.22,1.8,< 0.22,< 0.22,0.27,< 0.22,< 0.22,< 0.22,< 0.22,< 0.22,< 0.22,< 0.22,< 0.22,0.44,0.27,11.183,-19.2065,3.959114057,-18.60697708,12.2529,,
16PU-TW_Dfp01,South,Puyallup,City Waterway,Delta,,fry/parr,74.824,5.08,2,3,60,Hatchery/Wild,2.416890341,0.36,< 0.22,< 0.22,< 0.22,< 0.22,0.45,0.35,0.35,< 0.22,< 0.22,< 0.22,0.45,1,2.6,< 0.22,0.86,< 0.22,< 0.22,< 0.22,0.26,0.44,0.35,< 0.22,0.39,0.45,0.77,0.63,0.55,0.37,< 0.22,0.45,0.9,1.2,2,0.75,1.5,1.9,0.58,3.7,1.7,0.61,4.4,0.26,0.36,0.58,< 0.22,0.37,1.5,0.53,1.3,< 0.22,< 0.22,< 0.22,0.28,< 0.22,< 0.22,< 0.22,< 0.22,29,39,< 0.22,< 0.22,< 0.22,0.94,3.8,0.76,5.5,< 0.22,2.8,0.35,< 0.22,< 0.22,1.4,0.55,< 0.22,< 0.22,< 0.22,< 0.22,4.2,5.1,12.2201,-18.6404,3.875408435,-18.12374565,13.4467,,
16PU-TW_Dfp02,South,Puyallup,Fairline,Delta,,fry/parr,71.9125,4.45,1,3,75,Wild,1.285068361,0.27,< 0.16,< 0.16,< 0.16,< 0.16,0.28,0.27,0.21,< 0.16,< 0.16,< 0.16,0.32,0.82,1.9,< 0.16,< 0.16,< 0.16,< 0.16,< 0.16,0.2,0.25,0.25,< 0.16,0.27,0.3,0.58,0.31,0.46,0.18,< 0.16,0.45,0.73,0.82,1.5,0.56,1.3,1.3,0.4,2.3,1,0.3,2.4,< 0.16,0.2,0.3,< 0.16,0.18,0.68,0.2,0.62,< 0.16,< 0.16,< 0.16,< 0.16,< 0.16,< 0.16,< 0.16,< 0.16,18,24,< 0.16,< 0.16,0.17,0.89,6.2,0.87,8.1,< 0.16,2,0.3,< 0.16,< 0.16,1.3,0.41,< 0.16,< 0.16,< 0.16,< 0.16,3.3,3.9,11.4945,-21.4282,3.682036194,-21.10298417,12.4454,-20.90418511,11.51852549
16PU-TW_Dfp03r1,South,Puyallup,Middle Waterway,Delta,,fry/parr,56.552,2,1,4,80,Wild,1.354667795,< 0.17,< 0.16,< 0.17,< 0.17,< 0.17,0.33,0.37,0.25,< 0.17,< 0.17,< 0.17,0.35,0.99,2.3,< 0.17,0.24,< 0.17,< 0.17,< 0.17,0.22,0.31,0.27,0.17,0.26,0.35,0.56,0.32,0.42,0.19,< 0.17,0.43,0.93,0.94,1.8,0.5,1.3,1.2,0.45,3.5,2.1,0.65,4.2,0.21,0.29,0.71,0.21,0.5,1.6,0.56,1.5,< 0.17,0.25,< 0.17,0.43,< 0.17,< 0.17,< 0.17,< 0.17,27,36,< 0.17,< 0.17,< 0.17,0.92,5.4,1,7.4,< 0.17,1.8,0.29,< 0.17,< 0.17,0.92,0.39,< 0.17,< 0.17,< 0.17,< 0.17,2.72,3.4,12.3421,-17.8506,3.781246959,-17.42716551,13.0961,,
16PU-TW_Dfp03r2,South,Puyallup,Middle Waterway,Delta,,fry/parr,72.6125,4.25,2,2,50,Hatchery/Wild,2.242380892,0.43,< 0.15,< 0.15,< 0.15,< 0.15,0.56,0.35,0.44,< 0.15,< 0.15,< 0.15,0.27,0.97,2.6,< 0.15,0.68,< 0.15,< 0.15,< 0.15,0.28,0.32,0.31,0.2,0.24,0.29,0.46,0.29,0.36,0.17,< 0.15,0.29,0.55,0.69,1.1,0.37,0.87,0.92,0.33,2,1.1,0.33,2.4,< 0.15,0.16,0.3,< 0.15,0.21,0.78,0.28,0.76,< 0.15,< 0.15,< 0.15,< 0.15,< 0.15,< 0.15,< 0.15,< 0.15,16,22,0.22,< 0.15,0.2,1,3.8,0.93,6.2,< 0.15,2.1,0.32,< 0.15,< 0.15,0.99,0.43,< 0.15,< 0.15,< 0.15,< 0.15,3.09,3.8,12.3429,-18.7467,3.868239494,-18.2371429,13.856,,
16PU-TW_Dfp03r3,South,Puyallup,Middle Waterway,Delta,,fry/parr,72.854,4.22,4,1,20,Hatchery,1.043042904,0.23,< 0.17,< 0.17,< 0.17,< 0.17,0.18,0.17,< 0.17,< 0.17,< 0.17,< 0.17,0.33,0.54,1.2,< 0.17,0.18,< 0.17,< 0.17,< 0.17,0.21,0.26,0.26,< 0.17,0.19,0.23,0.34,0.25,0.29,< 0.17,< 0.17,0.23,0.41,0.55,0.86,0.34,0.74,0.85,0.27,1.7,0.86,0.24,2,< 0.17,< 0.17,0.31,< 0.17,0.19,0.76,0.21,0.66,< 0.17,< 0.17,< 0.17,< 0.17,< 0.17,< 0.17,< 0.17,< 0.17,13,18,< 0.17,< 0.17,< 0.17,0.63,2.8,0.37,3.8,< 0.17,1.6,0.29,< 0.17,< 0.17,1.1,0.4,< 0.17,< 0.17,< 0.17,< 0.17,2.7,3.4,11.4708,-20.0105,3.565352341,-19.80080118,12.6573,,
16PU-TW_Dfp04r1,South,Puyallup,Milwaukee,Delta,,fry/parr,60.006,2.32,5,0,0,Hatchery,2.450443964,0.37,< 0.17,< 0.17,< 0.17,< 0.17,1,0.54,0.82,< 0.17,0.32,< 0.17,0.63,1.4,4.7,< 0.17,1.5,< 0.17,< 0.17,< 0.17,0.32,0.36,0.32,0.22,0.25,0.27,0.43,0.28,0.36,0.18,< 0.17,0.22,0.47,0.63,0.99,0.36,0.87,0.94,0.28,1.8,0.95,0.28,2.2,< 0.17,< 0.17,0.24,< 0.17,0.18,0.63,0.2,0.68,< 0.17,< 0.17,< 0.17,< 0.17,< 0.17,< 0.17,< 0.17,< 0.17,15,20,0.45,< 0.17,0.46,1.6,6.6,1.8,11,< 0.17,3.3,0.35,< 0.17,< 0.17,1.9,0.66,0.2,< 0.17,< 0.17,< 0.17,5.2,6.4,11.5704,-20.2151,3.800578715,-19.77252707,13.6135,-19.60936202,11.38493912
16PU-TW_Dfp04r2,South,Puyallup,Milwaukee,Delta,,fry/parr,72.352,4.52,3,2,40,Hatchery/Wild,1.948883023,0.28,< 0.16,< 0.16,< 0.16,< 0.16,0.39,0.32,0.28,< 0.16,< 0.16,< 0.16,0.53,1,2.5,< 0.16,0.48,< 0.16,< 0.16,< 0.16,0.27,0.32,0.32,0.21,0.2,0.22,0.32,0.23,0.29,< 0.16,< 0.16,0.23,0.33,0.46,0.79,0.31,0.72,0.78,0.21,1.5,0.73,0.22,1.7,< 0.16,< 0.16,0.22,< 0.17,< 0.17,0.6,< 0.16,0.56,< 0.17,< 0.16,< 0.16,< 0.17,< 0.16,< 0.16,< 0.16,< 0.16,12,16,0.21,< 0.17,0.2,0.93,7.5,1.1,9.9,< 0.16,2.6,0.31,< 0.17,< 0.16,2.1,0.6,0.18,< 0.16,< 0.16,< 0.16,4.7,5.8,10.2344,-24.5978,3.816934652,-24.13903469,10.0368,,
16PU-TW_Dfp04r3,South,Puyallup,Milwaukee,Delta,,fry/parr,59.762,2.36,4,1,20,Hatchery,2.520739793,0.37,< 0.13,< 0.14,< 0.14,< 0.14,0.97,0.51,0.79,< 0.14,0.26,< 0.14,0.55,1.3,4.4,< 0.14,1.2,< 0.14,< 0.14,0.15,0.33,0.36,0.34,0.22,0.25,0.28,0.43,0.27,0.35,0.15,< 0.13,0.22,0.45,0.5,0.84,0.32,0.78,0.75,0.23,1.4,0.75,0.23,1.7,< 0.14,< 0.14,0.18,< 0.14,0.15,0.5,0.15,0.51,< 0.14,< 0.14,< 0.14,< 0.14,< 0.14,< 0.14,< 0.14,< 0.14,13,17,0.52,< 0.14,0.46,1.7,6,1.8,10,0.16,3,0.34,< 0.14,< 0.14,1.7,0.57,0.15,< 0.14,< 0.14,< 0.14,4.7,5.9,11.4041,-20.5675,4.127333689,-19.80143965,12.9607,,
16PU-TW_Dfp05,South,Puyallup,Olympic,Delta,,fry/parr,71.128,4.16,2,3,60,Hatchery/Wild,1.618299096,0.22,< 0.18,< 0.18,< 0.18,< 0.18,0.38,0.42,0.28,< 0.18,< 0.18,< 0.18,0.43,1.3,2.8,< 0.18,0.48,< 0.18,< 0.18,< 0.18,0.27,0.36,0.3,0.18,0.26,0.34,0.51,0.37,0.42,0.22,< 0.18,0.41,0.69,0.93,1.6,0.6,1.3,1.4,0.47,3.1,1.5,0.47,3.6,0.2,0.28,0.48,< 0.18,0.34,1.2,0.45,1.2,< 0.18,0.19,< 0.18,0.23,< 0.18,< 0.18,< 0.18,< 0.18,24,31,< 0.18,< 0.18,0.2,0.72,7.2,1.1,9.2,< 0.18,2.8,0.33,< 0.18,< 0.18,1.5,0.63,0.21,< 0.18,< 0.18,< 0.18,4.3,5.4,11.4358,-21.3908,3.6509997,-21.0963103,13.6668,,
16PU-TW_Dfp06r1,South,Puyallup,Squally Beach,Delta,,fry/parr,72.29,4.44,3,2,40,Hatchery/Wild,1.547986559,0.35,< 0.19,< 0.19,< 0.19,< 0.19,0.47,0.33,0.3,< 0.19,< 0.19,< 0.19,0.46,0.99,2.6,< 0.19,0.65,< 0.19,< 0.19,< 0.19,0.27,0.41,0.36,0.2,0.31,0.36,0.6,0.42,0.48,0.23,< 0.19,0.41,0.65,0.92,1.5,0.61,1.3,1.5,0.45,2.9,1.2,0.37,3.4,0.19,0.24,0.42,< 0.19,0.27,1.2,0.38,1.1,< 0.19,0.2,< 0.19,0.24,< 0.19,< 0.19,< 0.19,< 0.19,23,31,0.23,< 0.19,0.19,1.1,6.2,1.1,8.8,< 0.19,2.3,0.33,< 0.19,< 0.19,1.8,0.51,< 0.19,< 0.19,< 0.19,< 0.19,4.1,4.9,11.4327,-22.2161,4.058262142,-21.51842048,12.2113,,
16PU-TW_Dfp06r2,South,Puyallup,Squally Beach,Delta,,fry/parr,78.12166667,5.333333333,6,0,0,Hatchery,0.909869924,0.64,< 0.18,< 0.18,< 0.18,< 0.18,< 0.18,0.23,< 0.18,< 0.18,< 0.18,< 0.18,0.31,0.69,1.2,< 0.18,< 0.18,< 0.18,< 0.18,< 0.18,0.26,0.45,0.33,0.2,0.4,0.53,0.91,0.71,0.68,0.39,< 0.18,0.65,1.1,1.8,3,1.1,2.2,2.7,0.93,5.2,2.2,0.68,6.1,0.4,0.47,0.81,0.27,0.46,2.5,0.79,2.3,< 0.18,0.66,< 0.18,0.94,< 0.18,0.68,< 0.18,0.35,43,58,< 0.18,< 0.18,< 0.18,0.72,3.4,0.52,4.7,< 0.18,2.6,0.34,< 0.18,< 0.18,4.4,1.1,0.55,0.37,< 0.18,< 0.18,7,9.4,12.5022,-19.2278,3.50712148,-19.07574973,13.7151,,
16DK-TW_Dfp01,Central Western,Duckabush,Duckabush,Delta,,fry/parr,89.435,7.475,0,4,100,Wild,0.538369746,< 0.14,< 0.14,< 0.14,< 0.14,< 0.14,< 0.14,< 0.14,< 0.14,< 0.14,< 0.14,< 0.14,< 0.14,< 0.14,< 0.14,< 0.14,< 0.14,< 0.14,< 0.14,< 0.14,0.2,0.2,0.22,< 0.14,< 0.14,< 0.14,< 0.14,< 0.14,< 0.14,< 0.14,< 0.14,< 0.14,< 0.14,< 0.14,0.15,< 0.14,0.17,0.22,< 0.14,0.3,< 0.14,< 0.14,0.31,< 0.14,< 0.14,< 0.14,< 0.14,< 0.14,< 0.14,< 0.14,0.15,< 0.14,< 0.14,< 0.14,< 0.14,< 0.14,< 0.14,< 0.14,< 0.14,1.9,3.1,< 0.14,< 0.14,< 0.14,< 0.14,0.17,< 0.14,0.17,< 0.14,< 0.14,0.18,< 0.14,< 0.14,< 0.14,< 0.14,< 0.14,< 0.14,< 0.14,< 0.14,0.28,0.18,6.7462,-25.0778,3.402282655,-25.02954017,1.1374,-24.3317153,6.564864017
16DK-TW_Dp01r1,Central Western,Duckabush,Duckabush,Delta,,parr,65.402,3.16,5,0,0,Hatchery,0.543983362,< 0.20,< 0.20,< 0.20,< 0.20,< 0.20,< 0.20,< 0.20,< 0.20,< 0.20,< 0.20,< 0.20,< 0.20,< 0.20,< 0.20,< 0.20,< 0.20,< 0.20,< 0.20,0.26,0.62,0.77,0.72,0.51,0.28,0.22,0.38,0.29,0.4,< 0.20,< 0.20,0.22,0.38,0.37,0.67,0.27,0.62,0.61,< 0.20,1.1,0.54,< 0.20,1.2,< 0.20,< 0.20,< 0.20,< 0.20,< 0.20,0.28,< 0.20,0.37,< 0.20,< 0.20,< 0.20,< 0.20,< 0.20,< 0.20,< 0.20,< 0.20,11,14,< 0.20,< 0.20,< 0.20,< 0.20,1.3,< 0.20,1.3,< 0.20,0.41,0.27,< 0.20,< 0.20,0.26,< 0.20,< 0.20,< 0.20,< 0.20,< 0.20,0.67,0.95,10.6379,-20.2029,3.437951604,-20.11932791,13.8456,-19.86462436,10.38503523
16DK-TW_Dp01r2,Central Western,Duckabush,Duckabush,Delta,,parr,75.254,4.46,5,0,0,Hatchery,2.111226534,0.21,< 0.19,< 0.19,< 0.19,< 0.19,< 0.19,< 0.19,< 0.19,< 0.19,< 0.19,< 0.19,0.28,0.24,0.52,< 0.19,0.23,< 0.19,< 0.19,0.27,0.63,0.74,0.63,0.5,0.32,0.32,0.54,0.33,0.46,< 0.19,< 0.19,0.29,0.57,0.46,0.84,0.27,0.82,0.64,0.23,1.1,0.67,< 0.19,1.3,< 0.19,< 0.19,< 0.20,< 0.20,< 0.20,0.34,< 0.19,0.44,< 0.20,< 0.20,< 0.20,< 0.20,< 0.19,< 0.19,< 0.20,< 0.19,13,16,< 0.19,< 0.20,< 0.19,0.43,1.8,< 0.20,2.3,< 0.19,0.5,0.32,< 0.20,< 0.19,< 0.19,< 0.19,< 0.19,< 0.19,< 0.20,< 0.20,0.69,0.81,10.177,-19.726,3.793793087,-19.29014484,10.8567,,
16DK-TW_Dp01r3,Central Western,Duckabush,Duckabush,Delta,,parr,79.336,5.7,5,0,0,Hatchery,1.788418444,0.24,< 0.19,< 0.20,< 0.20,< 0.20,< 0.20,< 0.20,< 0.20,< 0.20,< 0.20,< 0.20,0.32,0.27,0.59,< 0.20,< 0.20,< 0.20,< 0.20,0.25,0.58,0.72,0.6,0.47,0.34,0.31,0.54,0.33,0.46,< 0.20,< 0.20,0.29,0.57,0.51,0.88,0.27,0.81,0.68,0.22,1.2,0.69,< 0.20,1.4,< 0.20,< 0.20,< 0.20,< 0.20,< 0.20,0.36,< 0.20,0.42,< 0.20,< 0.20,< 0.20,< 0.20,< 0.20,< 0.20,< 0.20,< 0.20,13,16,< 0.20,< 0.20,< 0.20,0.46,2.1,< 0.20,2.6,< 0.20,0.54,0.31,< 0.20,< 0.20,< 0.20,< 0.20,< 0.20,< 0.20,< 0.20,< 0.20,0.74,0.85,11.0174,-19.5184,3.85332448,-19.02360876,11.213,,
16DK-TW_Dp01r4,Central Western,Duckabush,Duckabush,Delta,,parr,78.424,4.94,5,0,0,Hatchery,1.030170573,0.18,< 0.16,< 0.16,< 0.16,< 0.16,< 0.16,< 0.16,< 0.16,< 0.16,< 0.16,< 0.16,0.17,0.29,0.46,< 0.16,< 0.16,< 0.16,< 0.16,0.25,0.56,0.69,0.63,0.46,0.32,0.32,0.55,0.34,0.45,0.2,< 0.16,0.32,0.61,0.64,1.1,0.35,0.8,0.84,0.28,1.6,0.79,0.23,2.1,< 0.16,< 0.16,0.2,< 0.16,< 0.16,0.5,0.18,0.54,< 0.16,< 0.16,< 0.16,< 0.16,< 0.16,< 0.16,< 0.16,< 0.16,16,20,< 0.16,< 0.16,< 0.16,0.33,2,< 0.16,2.4,< 0.16,0.98,0.3,< 0.16,< 0.16,0.43,0.22,< 0.16,< 0.16,< 0.16,< 0.16,1.41,1.9,11.0994,-18.8733,3.448861156,-18.77892746,12.5716,,
16DK-TW_Dp01r5,Central Western,Duckabush,Duckabush,Delta,,parr,95.53166667,7.3,6,0,0,Hatchery,0.994249006,< 0.22,< 0.22,< 0.22,< 0.22,< 0.22,< 0.22,< 0.22,< 0.22,< 0.22,< 0.22,< 0.22,< 0.22,< 0.22,< 0.22,< 0.22,< 0.22,< 0.22,< 0.22,0.27,0.62,0.75,0.63,0.5,0.34,0.29,0.52,0.32,0.48,< 0.22,< 0.22,0.33,0.55,0.45,0.83,0.29,0.82,0.67,< 0.22,1.1,0.62,< 0.22,1.2,< 0.22,< 0.22,< 0.22,< 0.22,< 0.22,0.33,< 0.22,0.38,< 0.22,< 0.22,< 0.22,< 0.22,< 0.22,< 0.22,< 0.22,< 0.22,12,15,< 0.22,< 0.22,< 0.22,0.25,1.5,< 0.22,1.8,< 0.22,0.45,0.27,< 0.22,< 0.22,< 0.22,< 0.22,< 0.22,< 0.22,< 0.22,< 0.22,0.67,0.72,11.2571,-18.8399,3.490433823,-18.70437052,12.2189,,
16SKO-TW_Dfp01r1,Central Western,Skokomish,R2-03,Delta,,fry/parr,62.746,3.18,5,0,0,Hatchery,1.210927194,< 0.20,< 0.20,< 0.20,< 0.20,< 0.20,< 0.20,< 0.20,< 0.20,< 0.20,< 0.20,< 0.20,< 0.20,< 0.20,< 0.20,< 0.20,< 0.20,< 0.20,< 0.20,0.24,0.57,0.67,0.58,0.45,0.28,0.23,0.4,0.26,0.37,< 0.20,< 0.20,0.22,0.39,0.36,0.68,0.25,0.62,0.54,< 0.20,0.94,0.49,< 0.20,1,< 0.20,< 0.20,< 0.20,< 0.20,< 0.20,0.26,< 0.20,0.28,< 0.20,< 0.20,< 0.20,< 0.20,< 0.20,< 0.20,< 0.20,< 0.20,10,13,< 0.20,< 0.20,< 0.20,< 0.20,1.5,< 0.20,1.5,< 0.20,1.2,0.3,< 0.20,< 0.20,1.3,0.37,< 0.20,< 0.20,< 0.20,< 0.20,2.5,3.1,11.0426,-19.3341,3.588727629,-19.10125965,11.6046,,
16SKO-TW_Dfp01r2,Central Western,Skokomish,R2-03,Delta,,fry/parr,71.868,4.6,5,0,0,Hatchery,1.490422481,< 0.17,< 0.17,< 0.17,< 0.17,< 0.17,< 0.17,< 0.17,< 0.17,< 0.17,< 0.17,< 0.17,0.28,< 0.17,0.28,< 0.17,< 0.17,< 0.17,< 0.17,0.24,0.55,0.69,0.6,0.46,0.29,0.26,0.44,0.29,0.41,< 0.17,< 0.17,0.24,0.46,0.41,0.73,0.26,0.68,0.59,< 0.17,0.95,0.5,< 0.17,1.1,< 0.17,< 0.17,< 0.17,< 0.17,< 0.17,0.26,< 0.17,0.29,< 0.17,< 0.17,< 0.17,< 0.17,< 0.17,< 0.17,< 0.17,< 0.17,11,13,< 0.17,< 0.17,< 0.17,0.24,1.6,< 0.17,1.8,< 0.17,0.51,0.24,< 0.17,< 0.17,0.22,< 0.17,< 0.17,< 0.17,< 0.17,< 0.17,0.73,0.97,11.6257,-18.844,3.711545628,-18.48956983,12.5844,,
16SKO-TW_Dfp02r1,Central Western,Skokomish,R2-09,Delta,,fry/parr,65.762,3.3,5,0,0,Hatchery,0.739387176,< 0.51,< 0.50,< 0.51,< 0.51,< 0.51,< 0.51,< 0.50,< 0.50,< 0.51,< 0.51,< 0.51,< 0.51,< 0.51,< 0.51,< 0.51,< 0.51,< 0.51,< 0.51,< 0.51,0.64,0.73,0.67,0.53,< 0.51,< 0.51,< 0.51,< 0.51,< 0.51,< 0.51,< 0.50,< 0.51,< 0.51,< 0.51,0.74,< 0.51,0.79,0.68,< 0.51,1,0.62,< 0.51,1.3,< 0.51,< 0.51,< 0.51,< 0.51,< 0.51,< 0.51,< 0.51,< 0.51,< 0.51,< 0.51,< 0.51,< 0.51,< 0.51,< 0.51,< 0.51,< 0.51,7.7,10,< 0.51,< 0.51,< 0.51,< 0.50,1.5,< 0.51,1.5,< 0.50,0.64,< 0.51,< 0.51,< 0.51,< 0.51,< 0.51,< 0.51,< 0.51,< 0.51,< 0.51,1.15,0.64,11.1371,-19.4718,3.639968157,-19.18823152,11.4885,-19.32487117,11.18555649
16SKO-TW_Dfp02r2,Central Western,Skokomish,R2-09,Delta,,fry/parr,77.1125,5.25,4,0,0,Hatchery,1.350199947,< 0.19,< 0.18,< 0.19,< 0.19,< 0.19,< 0.19,< 0.19,< 0.19,< 0.19,< 0.19,< 0.19,< 0.19,< 0.19,< 0.19,< 0.19,< 0.19,< 0.19,< 0.19,0.21,0.51,0.65,0.58,0.41,0.28,0.23,0.4,0.27,0.38,< 0.19,< 0.19,0.25,0.42,0.37,0.66,0.24,0.61,0.56,< 0.19,0.92,0.48,< 0.19,0.99,< 0.19,< 0.19,< 0.19,< 0.19,< 0.19,0.23,< 0.19,0.26,< 0.19,< 0.19,< 0.19,< 0.19,< 0.19,< 0.19,< 0.19,< 0.19,9.9,12,< 0.19,< 0.19,< 0.19,0.21,1.5,< 0.19,1.7,< 0.19,0.5,0.25,< 0.19,< 0.19,0.33,< 0.19,< 0.19,< 0.19,< 0.19,< 0.19,0.83,1.1,11.49,-18.6708,3.629153029,-18.3979385,12.4455,,
16LKW-TW_Dp01r1,South,Lk Washington,Webster Point,Freshwater,,parr,81.7475,6.4875,4,4,50,Hatchery/Wild,2.043955122,0.49,< 0.18,< 0.19,< 0.19,< 0.19,0.64,0.59,0.26,< 0.19,< 0.19,< 0.19,0.57,1.4,3.4,< 0.19,1.3,< 0.19,< 0.19,0.2,0.45,0.56,0.49,0.36,0.32,0.3,0.5,0.34,0.45,0.19,< 0.19,0.39,0.58,0.62,1.1,0.43,0.99,1,0.34,1.8,0.82,0.21,1.9,< 0.19,< 0.19,0.25,< 0.19,< 0.19,0.61,< 0.19,0.55,< 0.19,< 0.19,< 0.19,< 0.19,< 0.19,< 0.19,< 0.19,< 0.19,16,21,0.21,< 0.19,< 0.19,1.1,5.2,0.58,7.1,< 0.19,1.4,0.36,< 0.19,< 0.19,0.66,0.36,< 0.19,< 0.19,< 0.19,< 0.19,2.06,2.8,11.0792,-26.0641,3.796586878,-25.62547899,5.4714,,
16LKW-TW_Dp01r2,South,Lk Washington,Webster Point,Freshwater,,parr,88.47875,8.2125,5,3,37.5,Hatchery/Wild,2.46182547,0.5,< 0.13,< 0.13,< 0.13,< 0.13,0.61,0.49,0.27,< 0.13,0.23,< 0.13,0.45,1.1,3.1,< 0.13,1.4,< 0.13,< 0.13,0.23,0.54,0.66,0.57,0.42,0.36,0.36,0.6,0.41,0.53,0.22,< 0.13,0.45,0.73,0.65,1.2,0.44,1.1,1,0.33,1.8,0.85,0.25,1.9,< 0.13,0.15,0.26,< 0.13,0.17,0.57,0.17,0.53,< 0.13,< 0.13,< 0.13,< 0.13,< 0.13,< 0.13,< 0.13,< 0.13,17,22,0.28,< 0.13,0.18,1.3,4.8,0.72,7.3,< 0.13,1.3,0.36,< 0.13,< 0.13,0.9,0.34,< 0.13,< 0.13,< 0.13,< 0.13,2.2,2.9,10.6221,-25.0768,3.960300237,-24.47610277,5.5894,,
16EL-TW_Dfp02r2,North West,Elwha,WESC,Delta,,fry/parr,51.405,1.6625,0,8,100,Wild,1.130528962,< 0.23,< 0.22,< 0.23,< 0.23,< 0.23,< 0.23,< 0.23,< 0.23,< 0.23,< 0.23,< 0.23,< 0.23,< 0.23,< 0.23,< 0.23,< 0.23,< 0.23,< 0.23,< 0.23,0.46,0.54,0.52,0.39,< 0.23,< 0.23,0.24,< 0.23,0.3,< 0.23,< 0.23,0.23,0.24,0.24,0.45,< 0.23,0.52,0.51,< 0.23,0.79,0.34,< 0.23,0.83,< 0.23,< 0.23,< 0.23,< 0.23,< 0.23,< 0.23,< 0.23,< 0.23,< 0.23,< 0.23,< 0.23,< 0.23,< 0.23,< 0.23,< 0.23,< 0.23,6.6,8.1,< 0.23,< 0.23,< 0.23,< 0.22,0.84,< 0.23,0.84,< 0.23,0.54,< 0.23,< 0.23,< 0.23,0.56,< 0.23,< 0.23,< 0.23,< 0.23,< 0.23,1.1,1.1,8.97,-24.8368,3.524837366,-24.66721101,4.7123,,
16EL-TW_Dfp02r3,North West,Elwha,WESC,Delta,,fry/parr,63.874,3.18,0,5,100,Wild,1.073117377,< 0.21,< 0.20,< 0.21,< 0.21,< 0.21,< 0.21,< 0.20,< 0.20,< 0.20,< 0.21,< 0.21,< 0.20,< 0.21,< 0.21,< 0.20,< 0.20,< 0.21,< 0.21,< 0.20,0.42,0.49,0.45,0.33,< 0.20,< 0.21,0.24,< 0.21,0.27,< 0.21,< 0.20,< 0.21,0.22,< 0.21,0.38,< 0.21,0.44,0.38,< 0.21,0.53,0.26,< 0.20,0.51,< 0.21,< 0.21,< 0.21,< 0.21,< 0.21,< 0.21,< 0.21,< 0.21,< 0.21,< 0.21,< 0.21,< 0.21,< 0.21,< 0.20,< 0.21,< 0.21,4.9,6.3,< 0.21,< 0.21,< 0.20,< 0.20,0.43,< 0.21,0.43,< 0.20,0.25,< 0.21,< 0.21,< 0.21,0.35,< 0.21,< 0.20,< 0.21,< 0.21,< 0.21,0.6,0.6,8.2335,-23.8694,3.486810512,-23.73745759,4.29,,
16EL-TW_Dfp02r4,North West,Elwha,WESC,Delta,,fry/parr,68.83,4.14,1,4,80,Wild,1.116405679,< 0.21,< 0.21,< 0.21,< 0.21,< 0.21,< 0.21,< 0.21,< 0.21,< 0.21,< 0.21,< 0.21,< 0.21,< 0.21,< 0.21,< 0.21,< 0.21,< 0.21,< 0.21,< 0.21,0.42,0.49,0.44,0.33,< 0.21,< 0.22,0.22,< 0.21,0.24,< 0.21,< 0.21,< 0.21,< 0.21,< 0.22,0.34,< 0.21,0.42,0.36,< 0.21,0.54,0.24,< 0.21,0.53,< 0.21,< 0.21,< 0.22,< 0.22,< 0.22,< 0.21,< 0.21,< 0.21,< 0.22,< 0.21,< 0.21,< 0.22,< 0.21,< 0.21,< 0.21,< 0.21,4.6,5.8,< 0.21,< 0.22,< 0.21,< 0.21,0.5,< 0.21,0.5,< 0.21,0.25,< 0.21,< 0.22,< 0.21,0.26,< 0.21,< 0.21,< 0.21,< 0.21,< 0.21,0.51,0.51,7.6943,-23.6993,3.5001095,-23.5541916,2.3382,-23.57177399,7.508940775
16EL-TW_Dfp02r5,North West,Elwha,WESC,Delta,,fry/parr,72.21,4.84,1,4,80,Wild,1.681489165,< 0.17,< 0.16,< 0.17,< 0.17,< 0.17,< 0.17,< 0.17,< 0.17,< 0.17,< 0.17,< 0.17,< 0.17,< 0.17,< 0.17,< 0.17,< 0.17,< 0.17,< 0.17,0.19,0.48,0.55,0.51,0.36,0.2,< 0.17,0.25,0.19,0.27,< 0.17,< 0.17,0.2,0.23,0.19,0.38,0.21,0.46,0.45,< 0.17,0.59,0.23,< 0.17,0.55,< 0.17,< 0.17,< 0.17,< 0.17,< 0.17,< 0.17,< 0.17,< 0.17,< 0.17,< 0.17,< 0.17,< 0.17,< 0.17,< 0.17,< 0.17,< 0.17,6.5,7.7,< 0.17,< 0.17,< 0.17,< 0.16,0.34,< 0.17,0.34,< 0.17,0.26,0.19,< 0.17,< 0.17,0.21,< 0.17,< 0.17,< 0.17,< 0.17,< 0.17,0.47,0.67,6.8456,-23.5604,3.590667881,-23.3256388,0.96738,,
16DU-TW_Dfp01,South,Duwamish,Herring's House,Delta,,fry/parr,60.54833333,2.466666667,0,6,100,Wild,1.480876498,0.28,< 0.18,< 0.18,< 0.18,< 0.18,0.34,0.26,< 0.18,< 0.18,< 0.18,< 0.18,0.32,0.7,1.6,< 0.18,0.31,< 0.18,< 0.18,0.29,0.75,1.1,0.89,0.52,0.72,0.89,1.4,1.3,0.95,0.69,< 0.18,0.91,1.4,2.2,3.1,1.3,2.6,3,0.92,6.2,2.3,0.81,7,0.5,0.61,1.2,0.34,0.58,2.5,0.82,1.5,< 0.18,0.3,< 0.18,< 0.18,< 0.18,< 0.18,< 0.18,< 0.18,50,64,< 0.18,< 0.18,< 0.18,0.55,3.2,0.34,4.1,< 0.18,1.7,0.31,< 0.18,< 0.18,1.1,0.44,< 0.18,< 0.18,< 0.18,< 0.18,2.8,3.5,11.5682,-20.1196,3.625485414,-19.85036944,13.0238,,
16DU-TW_Dfp02,South,Duwamish,Herring's House Armor,Delta,,fry/parr,73.59,4.6,4,1,20,Hatchery,2.37860414,0.38,< 0.16,< 0.16,< 0.16,< 0.16,0.25,0.2,< 0.16,< 0.16,< 0.16,< 0.16,0.31,0.54,1.3,< 0.16,0.41,< 0.16,< 0.16,0.63,1.4,2.2,1.6,0.62,1.2,1,1.8,1.1,1.4,0.72,< 0.16,0.69,1.3,0.99,1.9,0.63,1.7,1.5,0.38,2.5,1.3,0.38,2.8,< 0.16,0.2,0.38,< 0.16,0.26,1,0.29,0.87,< 0.16,< 0.16,< 0.16,< 0.16,< 0.16,< 0.16,< 0.16,< 0.16,33,39,< 0.16,< 0.16,< 0.16,0.54,2.3,0.21,3.1,< 0.16,1.2,0.31,< 0.16,< 0.16,0.92,0.33,< 0.16,< 0.16,< 0.16,< 0.16,2.12,2.8,11.8421,-21.5209,3.817783923,-21.06129392,13.0338,,
16DU-TW_Dfp03r1,South,Duwamish,Opposite Slip 4 Mainstem,Delta,,fry/parr,58.23333333,2.316666667,0,6,100,Wild,1.25009071,0.48,< 0.13,< 0.14,< 0.14,< 0.14,0.22,0.18,< 0.14,< 0.14,< 0.14,< 0.14,0.32,0.55,1.3,< 0.14,0.22,< 0.14,< 0.14,0.22,0.57,0.69,0.63,0.4,0.41,0.43,0.72,0.5,0.56,0.27,< 0.14,0.42,0.79,0.75,1.2,0.47,1.2,1.1,0.36,2.3,1.1,0.38,2.4,0.15,0.19,0.38,< 0.14,0.25,0.82,0.27,0.73,< 0.14,0.15,< 0.14,< 0.14,< 0.14,< 0.14,< 0.14,< 0.14,21,26,< 0.14,< 0.14,< 0.14,0.4,2.8,0.34,3.6,< 0.14,0.91,0.27,< 0.14,< 0.14,0.63,0.24,< 0.14,< 0.14,< 0.14,< 0.14,1.54,2,11.7079,-20.6531,3.620966207,-20.38834346,13.3229,-20.2036751,11.87342657
16DU-TW_Dfp03r2,South,Duwamish,Opposite Slip 4 Mainstem,Delta,,fry/parr,72.676,4.44,1,4,80,Wild,1.168987073,0.98,< 0.14,< 0.15,< 0.15,< 0.15,0.29,0.34,0.19,< 0.15,< 0.15,< 0.15,0.2,1.1,2.1,< 0.14,0.31,< 0.15,< 0.15,0.5,1.1,1.5,1.2,0.52,0.8,0.89,1.5,1.1,1.1,0.68,< 0.14,0.9,2,2.3,2.7,1.3,3.1,3,1.2,8.6,3.7,1.5,9.4,0.58,0.85,1.8,0.61,1.3,4.3,1.5,3.4,< 0.15,0.35,0.27,< 0.15,< 0.15,0.22,< 0.15,< 0.15,66,86,< 0.15,< 0.15,< 0.15,0.59,3,0.71,4.3,< 0.14,1.7,0.29,< 0.15,< 0.15,2.5,1,0.32,0.22,< 0.15,< 0.15,4.2,6.1,12.3832,-19.733,3.535285747,-19.55306711,14.3658,,
16DU-TW_Dfp04r1,South,Duwamish,Slip 4,Delta,,fry/parr,57.55333333,2.216666667,0,6,100,Wild,1.197511523,0.26,< 0.21,< 0.21,< 0.21,< 0.21,0.24,< 0.21,< 0.21,< 0.21,< 0.21,< 0.21,0.28,0.56,1.1,< 0.21,0.22,< 0.21,< 0.21,0.38,0.87,0.89,0.83,0.48,0.53,0.65,1.1,0.59,0.68,0.32,< 0.21,0.5,0.92,0.94,1.5,0.6,1.4,1.4,0.43,2.7,1.2,0.41,2.9,< 0.21,0.23,0.45,< 0.21,0.25,1,0.32,0.81,< 0.21,0.27,< 0.21,< 0.21,< 0.21,< 0.21,< 0.21,< 0.21,26,32,< 0.21,< 0.21,< 0.21,0.41,2.8,0.27,3.5,< 0.21,1.1,0.27,< 0.21,< 0.21,0.7,0.25,< 0.21,< 0.21,< 0.21,< 0.21,1.8,2.3,11.7466,-20.4679,3.631611868,-20.19260425,13.2828,,
16DU-TW_Dfp04r2,South,Duwamish,Slip 4,Delta,,fry/parr,70.935,4.05,2,2,50,Hatchery/Wild,2.269601148,0.41,< 0.16,< 0.17,< 0.17,< 0.17,0.34,0.29,< 0.16,< 0.17,< 0.17,< 0.17,0.42,0.98,2,< 0.17,0.59,< 0.17,< 0.17,1.4,3,3.7,2.7,0.86,2.1,2.7,4.9,1.9,2.3,1.2,0.27,1.4,2.7,2.4,4.1,1.6,3.7,3.6,1.2,6.8,2.5,0.83,7,0.65,0.69,1.3,0.31,0.64,2.8,0.77,1.7,< 0.17,< 0.17,< 0.17,< 0.17,< 0.17,< 0.17,< 0.17,< 0.17,74,93,< 0.17,< 0.17,0.31,0.82,5.1,1.3,7.5,< 0.16,1.7,0.32,< 0.17,< 0.17,1.4,0.52,0.21,< 0.17,< 0.17,< 0.17,3.1,4.2,11.437,-21.6839,4.317604338,-20.72947171,13.195,-19.81785874,11.45272922
16DU-TW_Dfp05,South,Duwamish,Turning Basin Armored,Delta,,fry/parr,60.722,2.58,0,5,100,Wild,1.314415514,0.26,< 0.21,< 0.22,< 0.22,< 0.22,0.29,0.29,< 0.21,< 0.22,< 0.22,< 0.22,0.34,0.89,1.8,< 0.22,0.31,< 0.22,< 0.22,0.25,0.61,0.76,0.67,0.4,0.51,0.58,0.99,0.7,0.79,0.4,< 0.22,0.66,1,1.4,2.1,0.87,1.8,1.9,0.55,3.4,1.5,0.52,3.8,0.24,0.3,0.49,< 0.22,0.29,1.1,0.38,0.94,< 0.22,< 0.22,< 0.22,< 0.22,< 0.22,< 0.22,< 0.22,< 0.22,30,38,< 0.22,< 0.22,< 0.22,0.5,7.1,0.44,8,< 0.22,1.7,0.28,< 0.22,< 0.22,0.82,0.4,< 0.22,< 0.22,< 0.22,< 0.22,2.52,3.2,11.6987,-21.2531,3.732174644,-20.8782471,13.0181,,
16NQ-TW_Dp04r2,South,Nisqually,NEEM 1,Delta,,parr,97.77,12.33333333,3,0,0,Hatchery,2.730143052,0.33,< 0.22,< 0.23,< 0.23,< 0.23,< 0.23,< 0.23,< 0.23,< 0.23,< 0.23,< 0.23,< 0.23,0.44,0.44,< 0.23,0.36,< 0.23,< 0.23,< 0.23,0.46,0.53,0.5,0.34,0.32,0.33,0.5,0.34,0.44,< 0.23,< 0.23,0.3,0.53,0.65,0.99,0.3,0.86,0.74,< 0.23,1.5,0.81,0.23,1.8,< 0.23,< 0.23,< 0.23,< 0.23,< 0.23,0.41,< 0.23,0.46,< 0.23,1.3,< 0.23,< 0.23,< 0.23,< 0.23,< 0.23,< 0.23,15,17,< 0.23,< 0.23,< 0.23,0.6,2.2,< 0.23,2.8,< 0.23,< 0.23,0.94,< 0.23,< 0.23,< 0.23,< 0.23,< 0.23,< 0.23,< 0.23,< 0.23,0.46,0.94,12.8538,-18.3539,3.888354688,-17.82442886,14.0196,-17.3996865,12.54434912
16NQ-TW_Dp05,South,Nisqually,Nugies,Delta,,parr,102.8125,13.4,4,0,0,Hatchery,1.826033675,< 0.21,< 0.21,< 0.21,< 0.21,< 0.21,< 0.21,< 0.21,< 0.21,< 0.21,< 0.21,< 0.21,< 0.21,0.35,0.35,< 0.21,0.31,< 0.21,< 0.21,< 0.21,0.48,0.58,0.55,0.38,0.31,0.34,0.5,0.33,0.46,< 0.21,< 0.21,0.3,0.52,0.63,0.99,0.3,0.85,0.75,< 0.22,1.5,0.8,0.22,1.7,< 0.21,< 0.21,< 0.22,< 0.22,< 0.22,0.46,< 0.21,0.47,< 0.22,2.6,< 0.22,< 0.22,< 0.21,< 0.21,< 0.22,< 0.21,16,17,< 0.21,< 0.22,< 0.21,0.57,2.3,0.22,3.1,< 0.21,0.66,0.26,< 0.22,< 0.21,0.25,< 0.21,< 0.21,< 0.21,< 0.22,< 0.22,0.91,1.2,12.5204,-17.5344,3.697840691,-17.19353772,14.5202,-16.91254463,12.28216096
16NQ-TW_Dp05,South,Nisqually,Nugies,Delta,,parr,102.8125,13.4,4,0,0,Hatchery,1.826033675,< 0.21,< 0.21,< 0.21,< 0.21,< 0.21,< 0.21,< 0.21,< 0.21,< 0.21,< 0.21,< 0.21,< 0.21,0.35,0.35,< 0.21,0.31,< 0.21,< 0.21,< 0.21,0.48,0.58,0.55,0.38,0.31,0.34,0.5,0.33,0.46,< 0.21,< 0.21,0.3,0.52,0.63,0.99,0.3,0.85,0.75,< 0.22,1.5,0.8,0.22,1.7,< 0.21,< 0.21,< 0.22,< 0.22,< 0.22,0.46,< 0.21,0.47,< 0.22,2.6,< 0.22,< 0.22,< 0.21,< 0.21,< 0.22,< 0.21,16,17,< 0.21,< 0.22,< 0.21,0.57,2.3,0.22,3.1,< 0.21,0.66,0.26,< 0.22,< 0.21,0.25,< 0.21,< 0.21,< 0.21,< 0.22,< 0.22,0.91,1.2,12.5204,-17.5344,3.697840691,-17.19353772,14.5202,-17.46691208,12.45662077
16NQ-TW_Dp06,South,Nisqually,Luhr Beach,Delta,,parr,78.714,6.34,5,0,0,Hatchery,1.440172996,< 0.18,< 0.17,< 0.18,< 0.18,< 0.18,< 0.18,< 0.18,< 0.18,< 0.18,< 0.18,< 0.18,0.26,0.34,0.6,< 0.18,0.87,< 0.18,< 0.18,< 0.18,0.38,0.5,0.44,0.31,0.31,0.36,0.52,0.34,0.44,0.19,< 0.18,0.31,0.64,0.69,1.1,0.32,0.99,0.82,0.25,1.8,0.97,0.27,2,< 0.18,< 0.18,0.23,< 0.18,0.19,0.6,0.19,0.64,< 0.18,< 0.18,< 0.18,< 0.18,< 0.18,< 0.18,< 0.18,< 0.18,16,20,< 0.18,< 0.18,< 0.18,0.72,3.5,0.28,4.5,< 0.18,0.73,0.32,< 0.18,< 0.18,0.21,< 0.18,< 0.18,< 0.18,< 0.18,< 0.18,0.94,1.3,12.1141,-19.1854,3.559063236,-18.9819274,14.7681,,
16NQ-TW_Dp07,South,Nisqually,South Luhr Beach,Delta,,parr,62.22166667,2.633333333,6,0,0,Hatchery,4.113887825,0.29,< 0.17,< 0.17,< 0.17,< 0.17,< 0.17,< 0.17,< 0.17,< 0.17,< 0.17,< 0.17,0.27,0.25,0.52,< 0.17,1,< 0.17,< 0.17,0.21,0.53,0.63,0.61,0.44,0.41,0.34,0.56,0.4,0.55,0.23,< 0.17,0.33,0.64,0.66,1.2,0.37,1.2,0.92,0.26,2,0.98,0.28,2,< 0.17,< 0.17,0.21,< 0.17,0.19,0.44,< 0.17,0.59,< 0.17,1.4,< 0.17,< 0.17,< 0.17,< 0.17,< 0.17,< 0.17,19,22,< 0.17,< 0.17,< 0.17,0.48,3.5,0.18,4.2,< 0.17,0.83,0.31,< 0.17,< 0.17,0.32,< 0.17,< 0.17,< 0.17,< 0.17,< 0.17,1.15,1.5,12.5239,-20.6781,4.631801821,-19.4126162,14.6114,-19.69217614,12.13162708
16NQ-TW_Dp08r1,South,Nisqually,MCA EEM,Delta,,parr,86.9125,8.55,2,2,50,Hatchery/Wild,3.533276876,0.43,< 0.12,< 0.13,< 0.13,< 0.13,0.31,0.26,< 0.12,< 0.13,< 0.13,< 0.13,0.21,0.58,1.4,< 0.13,0.61,< 0.13,< 0.13,0.22,0.54,0.68,0.65,0.43,0.41,0.4,0.64,0.41,0.52,0.24,< 0.13,0.4,0.68,0.76,1.2,0.45,1.2,1,0.3,1.9,0.88,0.27,2,< 0.13,0.14,0.26,< 0.13,0.15,0.53,0.17,0.55,< 0.13,< 0.13,< 0.13,< 0.13,< 0.13,< 0.13,< 0.13,< 0.13,18,22,0.16,< 0.13,< 0.13,0.86,3.4,0.41,4.9,< 0.13,0.56,0.3,< 0.13,< 0.13,0.18,< 0.13,< 0.13,< 0.13,< 0.13,< 0.13,0.74,1,13.0056,-20.8142,4.187141846,-19.98892957,13.6414,,
16NQ-TW_Dp08r2,South,Nisqually,MCA EEM,Delta,,parr,76.43285714,5.471428571,7,0,0,Hatchery,2.046224678,0.18,< 0.15,< 0.15,< 0.15,< 0.15,0.18,< 0.15,< 0.15,< 0.15,< 0.15,< 0.15,0.2,0.31,0.69,< 0.15,0.43,< 0.15,< 0.15,0.18,0.43,0.55,0.52,0.35,0.32,0.36,0.53,0.35,0.45,0.18,< 0.15,0.31,0.6,0.62,1,0.33,1,0.77,0.25,1.7,0.89,0.24,1.9,< 0.15,< 0.15,0.26,< 0.15,0.17,0.56,0.17,0.59,< 0.15,0.63,< 0.15,< 0.15,< 0.15,< 0.15,< 0.15,< 0.15,16,20,< 0.15,< 0.15,< 0.15,0.69,2.8,0.25,3.8,< 0.15,0.61,0.3,< 0.15,< 0.15,0.19,< 0.15,< 0.15,< 0.15,< 0.15,< 0.15,0.8,1.1,11.8174,-20.8833,3.699116226,-20.54117494,14.2533,,
16SK-TW_Tf01,Central Eastern,Skagit ,Skagit River Trap,River,,fry,36.48793103,0.334482759,0,29,100,Wild,2.233159107,0.77,< 0.17,< 0.17,< 0.17,< 0.17,0.39,0.46,< 0.17,< 0.17,< 0.17,0.17,0.34,1.2,2.6,< 0.17,0.42,< 0.17,< 0.17,0.23,0.56,0.74,0.71,0.46,0.49,0.44,0.91,0.55,0.76,0.39,< 0.17,0.53,1,1.2,1.9,0.57,1.5,1.3,0.38,2.7,1.5,0.48,3.2,< 0.17,0.17,0.24,< 0.18,0.25,0.59,0.23,0.83,< 0.18,< 0.17,< 0.17,< 0.18,< 0.17,< 0.17,< 0.17,< 0.17,25,31,< 0.17,< 0.18,< 0.17,0.82,9.1,0.25,10,< 0.17,2.7,0.63,< 0.18,< 0.17,0.61,0.54,< 0.17,< 0.17,< 0.17,< 0.17,3.31,4.5,16.8283,-18.4288,3.814001838,-17.97293818,15.5776,-17.96964248,16.5359894
16SK-TW_Tp01,Central Eastern,Skagit ,Skagit River Trap,River,,parr,57.83666667,2.933333333,0,6,100,Wild,1.515695225,< 0.18,< 0.18,< 0.18,< 0.18,< 0.18,< 0.18,< 0.18,< 0.18,< 0.18,< 0.18,< 0.18,< 0.18,0.18,0.18,< 0.18,< 0.18,< 0.18,< 0.18,< 0.18,0.42,0.5,0.48,0.34,0.2,< 0.18,0.24,< 0.18,0.28,< 0.18,< 0.18,< 0.18,0.22,0.2,0.39,< 0.18,0.42,0.38,< 0.18,0.56,0.23,< 0.18,0.61,< 0.18,< 0.18,< 0.18,< 0.18,< 0.18,< 0.18,< 0.18,< 0.18,< 0.18,< 0.18,< 0.18,< 0.18,< 0.18,< 0.18,< 0.18,< 0.18,5.5,7.1,< 0.18,< 0.18,< 0.18,< 0.18,2.4,< 0.18,2.4,< 0.18,0.62,< 0.18,< 0.18,< 0.18,0.67,< 0.18,< 0.18,< 0.18,< 0.18,< 0.18,1.29,1.3,7.8221,-25.748,3.613600569,-25.49053544,1.26,,
16DU-TW_Tp01r4,South,Duwamish,Green River Trap,River,,parr,102.2733333,12.31666667,0,6,100,Wild,3.227133216,0.37,< 0.12,< 0.12,< 0.12,< 0.12,< 0.12,< 0.12,< 0.12,< 0.12,< 0.12,< 0.12,< 0.12,0.31,0.31,< 0.12,0.19,< 0.12,< 0.12,0.18,0.46,0.5,0.47,0.36,0.23,0.2,0.32,0.2,0.3,< 0.12,< 0.12,0.21,0.27,0.23,0.5,0.2,0.48,0.42,< 0.13,0.58,0.27,< 0.12,0.59,< 0.12,< 0.12,< 0.13,< 0.13,< 0.13,0.14,< 0.12,< 0.12,< 0.13,< 0.13,< 0.13,< 0.13,< 0.12,< 0.12,< 0.13,< 0.12,7.1,8.4,< 0.12,< 0.13,< 0.12,< 0.12,0.63,< 0.13,0.63,< 0.12,0.34,0.19,< 0.13,< 0.12,0.35,< 0.12,< 0.12,< 0.12,< 0.13,< 0.13,0.69,0.88,6.67,-19.133,4.184351462,-18.31049205,5.6396,-18.25803047,6.499067749
16DU-TW_Dfp06,South,Duwamish,Turning Basin,Delta,,fry/parr,76.9475,5.25,4,0,0,Hatchery,2.791201259,0.46,< 0.19,< 0.20,< 0.20,< 0.20,0.28,0.2,< 0.20,< 0.20,< 0.20,< 0.20,< 0.20,0.52,1,< 0.20,0.61,< 0.20,< 0.20,1.2,2.6,3.9,2.8,0.95,1.5,1.2,2.1,1.4,1.7,0.9,< 0.20,0.56,1.1,0.83,1.6,0.52,1.5,1.2,0.28,1.7,0.92,0.26,1.9,< 0.20,< 0.20,0.2,< 0.20,< 0.20,0.44,< 0.20,0.57,< 0.20,< 0.20,< 0.20,< 0.20,< 0.20,< 0.20,< 0.20,< 0.20,34,39,< 0.20,< 0.20,< 0.20,0.64,2.4,0.21,3.2,< 0.20,0.85,< 0.20,< 0.20,< 0.20,0.62,< 0.20,< 0.20,< 0.20,< 0.20,< 0.20,1.47,1.5,11.6674,-20.8424,3.990311213,-20.2119919,13.0483,,
16DU-TW_Tp01r1,South,Duwamish,Green River Trap,River,,parr,93.47833333,8.966666667,0,6,100,Wild,2.281336418,0.28,< 0.24,< 0.25,< 0.25,< 0.25,< 0.25,< 0.24,< 0.24,< 0.24,< 0.25,< 0.25,< 0.24,< 0.25,< 0.25,< 0.24,0.33,< 0.25,< 0.25,< 0.24,0.56,0.63,0.58,0.4,< 0.24,< 0.25,0.28,< 0.25,0.28,< 0.25,< 0.24,< 0.25,< 0.25,< 0.25,0.48,< 0.25,0.47,0.45,< 0.25,0.72,0.32,< 0.24,0.76,< 0.25,< 0.25,< 0.25,< 0.25,< 0.25,< 0.25,< 0.25,< 0.25,< 0.25,< 0.25,< 0.25,< 0.25,< 0.25,< 0.24,< 0.25,< 0.25,5.9,7.8,< 0.25,< 0.25,< 0.24,< 0.24,0.82,< 0.25,0.82,< 0.24,0.76,< 0.25,< 0.25,< 0.25,0.47,< 0.25,< 0.24,< 0.25,< 0.25,< 0.25,1.23,1.2,6.9231,-19.6837,3.800930184,-19.24077912,5.5302,,
16DU-TW_Tp01r2,South,Duwamish,Green River Trap,River,,parr,95.76166667,10.1,1,5,83.33333333,Wild,2.993285861,0.34,< 0.20,< 0.21,< 0.21,< 0.21,< 0.21,< 0.21,< 0.21,< 0.21,< 0.21,< 0.21,< 0.21,< 0.21,< 0.21,< 0.21,< 0.21,< 0.21,< 0.21,< 0.21,0.5,0.54,0.49,0.36,< 0.21,< 0.21,0.28,< 0.21,0.26,< 0.21,< 0.21,< 0.21,0.23,< 0.21,0.43,< 0.21,0.41,0.37,< 0.21,0.51,0.24,< 0.21,0.53,< 0.21,< 0.21,< 0.21,< 0.21,< 0.21,< 0.21,< 0.21,< 0.21,< 0.21,< 0.21,< 0.21,< 0.21,< 0.21,< 0.21,< 0.21,< 0.21,5.1,6.8,< 0.21,< 0.21,< 0.21,< 0.20,0.6,< 0.21,0.6,< 0.21,0.4,< 0.21,< 0.21,< 0.21,0.42,< 0.21,< 0.21,< 0.21,< 0.21,< 0.21,0.82,0.83,6.3759,-19.3666,4.264906417,-18.46434265,5.3864,,
16DU-TW_Tp01r3,South,Duwamish,Green River Trap,River,,parr,99.27,11.43333333,0,6,100,Wild,3.190180271,0.36,< 0.18,< 0.19,< 0.19,< 0.19,< 0.19,< 0.19,< 0.19,< 0.19,< 0.19,< 0.19,< 0.19,< 0.19,< 0.19,< 0.19,< 0.19,< 0.19,< 0.19,< 0.19,0.44,0.47,0.43,0.31,0.19,< 0.19,0.26,< 0.19,0.25,< 0.19,< 0.19,< 0.19,0.22,0.2,0.44,< 0.19,0.53,0.41,< 0.19,0.6,0.27,< 0.19,0.62,< 0.19,< 0.19,< 0.19,< 0.19,< 0.19,< 0.19,< 0.19,0.21,< 0.19,< 0.19,< 0.19,< 0.19,< 0.19,< 0.19,< 0.19,< 0.19,5.9,7.7,< 0.19,< 0.19,< 0.19,< 0.18,0.61,< 0.19,0.61,< 0.19,0.71,< 0.19,< 0.19,< 0.19,0.95,< 0.19,< 0.19,< 0.19,< 0.19,< 0.19,1.66,1.7,6.917,-18.6015,3.952028178,-18.0089921,5.1868,,
16DU-TW_Tp01r5,South,Duwamish,Green River Trap,River,,parr,106.8916667,14.16666667,0,6,100,Wild,1.955587861,0.28,< 0.15,< 0.15,< 0.15,< 0.15,< 0.15,< 0.15,< 0.15,< 0.15,< 0.15,< 0.15,< 0.15,< 0.15,< 0.15,< 0.15,< 0.15,< 0.15,< 0.15,0.17,0.43,0.5,0.48,0.32,0.88,0.67,2.4,0.68,1.9,0.54,0.4,2,2.4,1.8,4.3,1.7,4.5,3.5,1,3.5,1.7,0.33,3,0.44,0.4,0.31,< 0.15,< 0.15,0.49,0.17,0.43,< 0.15,< 0.15,< 0.15,< 0.15,< 0.15,< 0.15,< 0.15,< 0.15,41,50,< 0.15,< 0.15,< 0.15,< 0.15,0.94,< 0.15,0.94,< 0.15,0.73,< 0.15,< 0.15,< 0.15,0.6,0.16,< 0.15,< 0.15,< 0.15,< 0.15,1.33,1.5,7.663,-19.3605,3.706738626,-19.01082876,6.42,,
16NQ-TW_Dp01r1,South,Nisqually,Breakwater,Delta,,parr,67.8525,3.75,4,0,0,Hatchery,2.219978766,0.18,< 0.16,< 0.16,< 0.16,< 0.16,0.17,0.21,< 0.16,< 0.16,< 0.16,< 0.16,0.18,0.42,0.99,< 0.16,0.32,< 0.16,< 0.16,0.19,0.47,0.57,0.51,0.36,0.34,0.4,0.59,0.4,0.51,0.21,< 0.16,0.33,0.71,0.76,1.2,0.33,1.1,0.82,0.31,1.9,1.1,0.31,2.2,< 0.16,< 0.16,0.33,< 0.17,0.24,0.69,0.23,0.83,< 0.17,< 0.17,< 0.17,< 0.17,< 0.16,< 0.16,< 0.17,< 0.16,18,23,< 0.16,< 0.17,< 0.16,0.81,3.4,0.25,4.4,< 0.16,0.91,< 0.16,< 0.17,< 0.16,0.52,0.23,< 0.16,< 0.16,< 0.17,< 0.17,1.43,1.7,12.0811,-19.0696,3.765421175,-18.66183304,14.7624,,
16NQ-TW_Dp01r2,South,Nisqually,Breakwater,Delta,,parr,80.05833333,6.116666667,6,0,0,Hatchery,3.235986919,0.37,< 0.15,< 0.16,< 0.16,< 0.16,0.38,0.28,< 0.15,< 0.16,< 0.16,< 0.16,0.24,0.6,1.5,< 0.16,0.8,< 0.16,< 0.16,0.21,0.5,0.62,0.55,0.38,0.43,0.5,0.74,0.45,0.55,0.22,< 0.15,0.34,0.83,0.85,1.3,0.35,1.3,0.89,0.34,2,1.2,0.34,2.3,< 0.16,< 0.16,0.33,< 0.16,0.24,0.72,0.25,0.88,< 0.16,< 0.16,< 0.16,< 0.16,< 0.16,< 0.16,< 0.16,< 0.16,20,25,< 0.16,< 0.16,< 0.16,1.1,3.8,0.42,5.3,< 0.15,0.8,0.16,< 0.16,< 0.16,0.18,0.19,< 0.16,< 0.16,< 0.16,< 0.16,0.98,1.3,12.1621,-20.3692,4.231119695,-19.5003915,14.6827,,
16NQ-TW_Dp02,South,Nisqually,RSS Point and RB,Delta,,parr,78.68,5.575,4,0,0,Hatchery,2.291731791,0.2,< 0.18,< 0.19,< 0.19,< 0.19,< 0.19,< 0.19,< 0.19,< 0.19,< 0.19,< 0.19,< 0.19,0.35,0.35,< 0.19,0.3,< 0.19,< 0.19,0.66,1.6,1.7,1.7,1.2,0.68,0.58,0.93,0.61,0.78,0.34,< 0.19,0.41,0.88,0.86,1.4,0.41,1.3,1,0.31,2.1,1.1,0.32,2.4,< 0.19,< 0.19,0.27,< 0.19,0.22,0.61,0.23,0.83,< 0.19,< 0.19,< 0.19,< 0.19,< 0.19,< 0.19,< 0.19,< 0.19,26,30,< 0.19,< 0.19,< 0.19,0.62,2.9,0.21,3.7,< 0.19,1,< 0.19,< 0.19,< 0.19,0.43,0.23,< 0.19,< 0.19,< 0.19,< 0.19,1.43,1.7,12.2584,-18.6327,3.779251328,-18.21124119,14.8671,,
16NQ-TW_Dp03,South,Nisqually,Seal Beach,Delta,,parr,60.19,2.4,6,0,0,Hatchery,3.224910654,0.26,< 0.16,< 0.16,< 0.16,< 0.16,< 0.16,< 0.16,< 0.16,< 0.16,< 0.16,< 0.16,0.17,0.24,0.41,< 0.16,0.56,< 0.16,< 0.16,0.18,0.43,0.5,0.42,0.31,0.3,0.29,0.48,0.33,0.43,0.18,< 0.16,0.29,0.59,0.76,1.2,0.35,1.1,0.92,0.29,2.3,1.1,0.32,2.4,< 0.16,< 0.16,0.25,< 0.16,0.23,0.51,0.19,0.76,< 0.16,< 0.16,< 0.16,< 0.16,< 0.16,< 0.16,< 0.16,< 0.16,17,23,< 0.16,< 0.16,< 0.16,0.4,3.9,0.16,4.5,< 0.16,1.2,< 0.16,< 0.16,< 0.16,0.45,0.28,< 0.16,< 0.16,< 0.16,< 0.16,1.65,1.9,12.374,-19.9102,3.970399596,-19.2995044,14.9039,,
16NQ-TW_Dp04r1,South,Nisqually,NEEM 1,Delta,,parr,82.042,5.9,5,0,0,Hatchery,2.673220245,0.27,< 0.14,< 0.14,< 0.14,< 0.14,0.24,0.25,< 0.14,< 0.14,< 0.14,< 0.14,0.19,0.46,1.1,< 0.14,0.38,< 0.14,< 0.14,0.19,0.44,0.55,0.46,0.32,0.36,0.44,0.62,0.41,0.49,0.2,< 0.14,0.3,0.72,0.71,1.2,0.32,1.1,0.78,0.29,1.8,1,0.3,2.1,< 0.14,< 0.14,0.28,< 0.14,0.21,0.65,0.21,0.73,< 0.14,< 0.14,< 0.14,< 0.14,< 0.14,< 0.14,< 0.14,< 0.14,17,22,< 0.14,< 0.14,< 0.14,0.99,3.3,0.29,4.6,< 0.14,0.71,< 0.14,< 0.14,< 0.14,0.19,0.16,< 0.14,< 0.14,< 0.14,< 0.14,0.9,1.1,11.6485,-19.6102,4.053667147,-18.91706952,14.5693,,
16LKW-TW_Dp01r3,South,Lk Washington,Webster Point,Freshwater,,parr,88.865,8.975,8,0,0,Hatchery,2.976783608,0.51,< 0.26,< 0.27,< 0.27,< 0.27,0.68,0.42,0.29,< 0.27,< 0.27,< 0.27,0.31,0.91,2.6,< 0.27,< 0.26,< 0.27,< 0.27,0.54,1.3,1.2,1.1,0.84,0.54,0.45,0.65,0.44,0.59,< 0.27,< 0.26,0.32,0.57,0.59,0.97,0.35,1,0.82,< 0.27,1.4,0.81,< 0.27,1.6,< 0.27,< 0.27,< 0.27,< 0.27,< 0.27,0.4,< 0.27,0.46,< 0.27,< 0.27,< 0.27,< 0.27,< 0.27,< 0.27,< 0.27,< 0.27,17,20,0.32,< 0.27,< 0.27,1.2,3.4,0.57,5.5,< 0.26,0.79,< 0.27,< 0.27,< 0.27,0.33,< 0.27,< 0.27,< 0.27,< 0.27,< 0.27,1.12,1.1,10.2929,-23.3046,4.366723711,-22.30154353,7.0935,,
16LKW-TW_Dp01r4,South,Lk Washington,Webster Point,Freshwater,,parr,91.2225,9.7375,5,3,37.5,Hatchery/Wild,2.87192415,0.58,< 0.26,< 0.26,< 0.26,< 0.26,0.82,0.54,0.33,< 0.26,< 0.26,< 0.26,0.34,1.2,3.2,< 0.26,< 0.26,< 0.26,< 0.26,0.52,1.2,1.2,1.1,0.86,0.55,0.48,0.68,0.48,0.63,0.28,< 0.26,0.4,0.64,0.72,1.2,0.45,1.2,1.1,0.35,1.9,0.98,0.28,2.1,< 0.26,< 0.26,0.26,< 0.26,< 0.26,0.62,< 0.26,0.62,< 0.26,< 0.26,< 0.26,< 0.26,< 0.26,< 0.26,< 0.26,< 0.26,21,26,0.26,< 0.26,< 0.26,1.4,5.3,0.66,7.6,< 0.26,1.4,< 0.26,< 0.26,< 0.26,0.55,0.3,< 0.26,< 0.26,< 0.26,< 0.26,1.95,2.2,10.6629,-24.0621,4.13113275,-23.29227858,7.1497,,
16LKW-TW_Dp01r5,South,Lk Washington,Webster Point,Freshwater,,parr,90.71571429,9.9,6,1,14.28571429,Hatchery,3.089378624,0.56,< 0.081,< 0.082,< 0.082,< 0.082,0.9,0.7,0.4,< 0.082,0.25,< 0.082,0.55,1.3,4.1,< 0.082,3,< 0.082,< 0.082,0.49,1.1,1.1,1,0.77,0.56,0.49,0.77,0.5,0.65,0.29,0.12,0.44,0.85,0.72,1.4,0.49,1.3,1.1,0.37,2.1,1,0.32,2.2,0.12,0.15,0.3,< 0.083,0.21,0.68,0.21,0.66,< 0.083,< 0.083,< 0.083,< 0.083,< 0.083,< 0.082,< 0.083,< 0.082,22,27,0.3,< 0.083,0.13,1.4,5.4,0.64,7.8,< 0.082,1.3,0.18,< 0.083,< 0.082,0.6,0.33,< 0.082,< 0.083,< 0.083,< 0.083,1.9,2.4,10.7814,-23.6034,4.194408629,-22.77093546,7.1033,,
16LKW-TW_Dp01r6,South,Lk Washington,Webster Point,Freshwater,,parr,92.86285714,10.31428571,5,2,28.57142857,Hatchery,2.800877267,0.63,< 0.15,< 0.15,< 0.15,< 0.15,0.72,0.59,0.3,< 0.15,0.23,< 0.15,0.32,1.2,3.4,< 0.15,1.6,< 0.15,< 0.15,0.5,1.2,1.2,1.1,0.8,0.53,0.53,0.7,0.51,0.64,0.28,< 0.15,0.38,0.61,0.71,1.2,0.48,1.2,1.2,0.32,1.9,0.96,0.27,1.9,< 0.15,0.15,0.25,< 0.15,0.19,0.62,0.18,0.65,< 0.15,< 0.15,< 0.15,< 0.15,< 0.15,< 0.15,< 0.15,< 0.15,21,26,0.25,< 0.15,< 0.15,1.3,4.3,0.64,6.5,< 0.15,1.5,0.17,< 0.15,< 0.15,1.3,0.4,< 0.15,< 0.15,< 0.15,< 0.15,2.8,3.4,10.1301,-24.218,4.174353751,-23.40538979,6.4677,-22.98233232,10.20359704
16LKW-TW_Dp01r7,South,Lk Washington,Webster Point,Freshwater,,parr,95.19,11.07142857,3,4,57.14285714,Hatchery/Wild,2.386027224,0.65,< 0.38,< 0.38,< 0.38,< 0.38,1,0.91,0.43,< 0.38,< 0.38,< 0.38,< 0.38,2.2,4.6,< 0.38,< 0.38,< 0.38,< 0.38,0.5,1.2,1.1,1.1,0.8,0.53,0.47,0.66,0.5,0.63,< 0.38,< 0.38,0.47,0.66,0.88,1.3,0.57,1.4,1.5,0.46,2.5,1.2,< 0.38,2.9,< 0.38,< 0.38,< 0.39,< 0.39,< 0.39,0.92,< 0.38,0.8,< 0.39,< 0.39,< 0.39,< 0.39,< 0.38,< 0.38,< 0.39,< 0.38,23,30,< 0.38,< 0.39,< 0.38,2,7.5,0.98,10,< 0.38,1.9,< 0.38,< 0.39,< 0.38,0.99,0.48,< 0.38,< 0.38,< 0.39,< 0.39,2.89,3.3,10.7118,-25.8727,3.967553655,-25.26482188,5.5576,,
16LKW-TW_Dp01r8,South,Lk Washington,Webster Point,Freshwater,,parr,99.81857143,12.64285714,1,6,85.71428571,Wild,2.122463005,0.72,< 0.38,< 0.39,< 0.39,< 0.39,1,0.97,0.45,< 0.39,< 0.39,< 0.39,0.59,2.6,5.6,< 0.39,< 0.39,< 0.39,< 0.39,0.49,1.1,1,0.93,0.74,0.48,0.47,0.64,0.5,0.62,< 0.39,< 0.39,0.47,0.64,0.9,1.3,0.65,1.3,1.6,0.45,2.8,1.1,< 0.39,3.1,< 0.39,< 0.39,0.41,< 0.39,< 0.39,1.1,< 0.39,0.84,< 0.39,< 0.39,< 0.39,< 0.39,< 0.39,< 0.39,< 0.39,< 0.39,24,32,< 0.39,< 0.39,< 0.39,2.1,7.7,0.85,11,< 0.39,2.3,< 0.39,< 0.39,< 0.39,1.5,0.59,< 0.39,< 0.39,< 0.39,< 0.39,3.8,4.4,9.9633,-27.6357,3.73283919,-27.2601892,4.5378,-26.49949662,9.661276279
16LKW-TW_Tp01,South,Lk Washington,Sammamish River (Bear Creek) Trap,River ,,parr,70.55666667,4.166666667,1,2,66.66666667,Wild,2.080934386,< 0.43,< 0.42,< 0.43,< 0.43,< 0.43,0.44,0.56,< 0.43,< 0.43,< 0.43,< 0.43,< 0.43,1.6,2.6,< 0.43,< 0.43,< 0.43,< 0.43,0.52,1.3,1,0.93,0.74,< 0.43,< 0.43,0.47,< 0.43,0.44,< 0.43,< 0.43,< 0.43,< 0.43,0.6,0.94,< 0.43,0.91,1,< 0.43,1.7,0.78,< 0.43,2,< 0.43,< 0.43,< 0.43,< 0.43,< 0.43,0.62,< 0.43,0.53,< 0.43,< 0.43,< 0.43,< 0.43,< 0.43,< 0.43,< 0.43,< 0.43,15,19,< 0.43,< 0.43,< 0.43,0.66,4.8,< 0.43,5.4,< 0.43,1.6,< 0.43,< 0.43,< 0.43,0.75,< 0.43,< 0.43,< 0.43,< 0.43,< 0.43,2.35,2.3,12.4409,-29.1545,3.799939554,-28.71255984,4.4044,,
16EL-TW_Dfp01r1,North West,Elwha,NDE,Delta,,fry/parr,75.85833333,5.533333333,0,6,100,Wild,3.582886189,< 0.27,< 0.26,< 0.27,< 0.27,< 0.27,< 0.27,< 0.27,< 0.27,< 0.27,< 0.27,< 0.27,< 0.27,< 0.27,< 0.27,< 0.27,< 0.27,< 0.27,< 0.27,0.43,1,0.92,0.84,0.67,0.35,< 0.27,0.35,< 0.27,0.32,< 0.27,< 0.27,< 0.27,< 0.27,< 0.27,0.39,< 0.27,0.36,0.31,< 0.27,0.52,< 0.27,< 0.27,0.58,< 0.27,< 0.27,< 0.27,< 0.27,< 0.27,< 0.27,< 0.27,< 0.27,< 0.27,< 0.27,< 0.27,< 0.27,< 0.27,< 0.27,< 0.27,< 0.27,7.1,8.9,< 0.27,< 0.27,< 0.27,< 0.26,0.78,< 0.27,0.78,< 0.27,0.33,< 0.27,< 0.27,< 0.27,< 0.27,< 0.27,< 0.27,< 0.27,< 0.27,< 0.27,0.6,0.33,9.0965,-28.1871,4.238271296,-27.31121142,2.5832,,
16EL-TW_Dfp01r2,North West,Elwha,NDE,Delta,,fry/parr,84.146,7.68,0,5,100,Wild,3.308961412,< 0.38,< 0.37,< 0.38,< 0.38,< 0.38,< 0.38,< 0.38,< 0.38,< 0.38,< 0.38,< 0.38,< 0.38,< 0.38,< 0.38,< 0.38,< 0.38,< 0.38,< 0.38,0.42,1,0.85,0.8,0.65,< 0.38,< 0.38,< 0.38,< 0.38,< 0.38,< 0.38,< 0.38,< 0.38,< 0.38,< 0.38,< 0.38,< 0.38,< 0.38,< 0.38,< 0.38,0.45,< 0.38,< 0.38,0.52,< 0.38,< 0.38,< 0.38,< 0.38,< 0.38,< 0.38,< 0.38,< 0.38,< 0.38,< 0.38,< 0.38,< 0.38,< 0.38,< 0.38,< 0.38,< 0.38,4.7,5.6,< 0.38,< 0.38,< 0.38,< 0.37,0.49,< 0.38,0.49,< 0.38,< 0.38,< 0.38,< 0.38,< 0.38,< 0.38,< 0.38,< 0.38,< 0.38,< 0.38,< 0.38,0.76,< 0.38,8.7525,-28.3209,4.098891401,-27.58299751,2.721,-27.15811243,8.916582151
16EL-TW_Dfp01r3,North West,Elwha,NDE,Delta,,fry/parr,86.60666667,8.566666667,0,6,100,Wild,4.053888251,< 0.34,< 0.33,< 0.34,< 0.34,< 0.34,< 0.34,< 0.34,< 0.34,< 0.34,< 0.34,< 0.34,< 0.34,< 0.34,< 0.34,< 0.34,< 0.34,< 0.34,< 0.34,0.41,0.96,0.85,0.88,0.66,0.36,< 0.34,< 0.34,< 0.34,< 0.34,< 0.34,< 0.34,< 0.34,< 0.34,< 0.34,0.37,< 0.34,0.39,< 0.34,< 0.34,0.47,< 0.34,< 0.34,0.51,< 0.34,< 0.34,< 0.34,< 0.34,< 0.34,< 0.34,< 0.34,< 0.34,< 0.34,< 0.34,< 0.34,< 0.34,< 0.34,< 0.34,< 0.34,< 0.34,5.9,7,< 0.34,< 0.34,< 0.34,< 0.33,0.55,< 0.34,0.55,< 0.34,< 0.34,< 0.34,< 0.34,< 0.34,< 0.34,< 0.34,< 0.34,< 0.34,< 0.34,< 0.34,0.68,< 0.34,9.0447,-28.6864,4.259022712,-27.78996751,3.3824,-27.10257826,9.07409443
16EL-TW_Dfp02r1,North West,Elwha,WESC,Delta,,fry/parr,49.95111111,1.411111111,0,9,100,Wild,1.209234934,< 0.40,< 0.39,< 0.40,< 0.40,< 0.40,< 0.40,< 0.40,< 0.40,< 0.40,< 0.40,< 0.40,< 0.40,< 0.40,< 0.40,< 0.40,< 0.40,< 0.40,< 0.40,0.44,1.1,0.89,0.88,0.69,< 0.40,< 0.41,< 0.40,< 0.40,< 0.40,< 0.40,< 0.40,< 0.40,< 0.40,< 0.40,< 0.40,< 0.40,< 0.40,< 0.40,< 0.40,0.55,< 0.40,< 0.40,0.64,< 0.40,< 0.40,< 0.41,< 0.41,< 0.40,< 0.40,< 0.40,< 0.40,< 0.40,< 0.40,< 0.40,< 0.40,< 0.40,< 0.40,< 0.40,< 0.40,5.2,6.3,< 0.40,< 0.40,< 0.40,< 0.39,0.72,< 0.40,0.72,< 0.40,0.44,< 0.40,< 0.41,< 0.40,0.42,< 0.40,< 0.40,< 0.40,< 0.40,< 0.40,0.86,0.86,9.5498,-24.5771,3.588682558,-24.34430427,6.1556,,
16SN-TW_Dfp01r1,Central Eastern,Snohomish,Ebey Slough - Quilceda,Delta,Outside Mainstem,fry/parr,68.37714286,3.328571429,0,7,100,Wild,1.337611947,< 0.21,< 0.21,< 0.21,< 0.21,< 0.21,< 0.21,< 0.21,< 0.21,< 0.21,< 0.21,< 0.21,< 0.21,0.36,0.36,< 0.21,< 0.21,< 0.21,< 0.21,0.22,0.55,0.63,0.56,0.41,0.26,0.3,0.42,0.31,0.38,< 0.21,< 0.21,0.29,0.39,0.73,0.95,0.39,0.7,0.86,0.37,2.2,0.71,0.22,2.6,< 0.21,< 0.21,0.29,< 0.21,0.22,0.7,0.31,0.71,< 0.21,< 0.21,< 0.21,< 0.21,< 0.21,< 0.21,< 0.21,< 0.21,17,23,< 0.21,< 0.21,< 0.21,0.3,4.9,< 0.21,5.2,< 0.21,1.5,< 0.21,< 0.21,< 0.21,0.45,0.43,< 0.21,< 0.21,< 0.21,< 0.21,1.95,2.4,11.5225,-20.1065,3.548436404,-19.91354796,10.8984,,
16SN-TW_Dfp01r2,Central Eastern,Snohomish,Ebey Slough - Quilceda,Delta,Outside Mainstem,fry/parr,78.328,5.36,3,2,40,Hatchery/Wild,2.181107232,0.29,< 0.23,< 0.23,< 0.23,< 0.23,< 0.23,< 0.23,< 0.23,< 0.23,< 0.23,< 0.23,< 0.23,< 0.23,< 0.23,< 0.23,0.28,< 0.23,< 0.23,< 0.23,0.52,0.6,0.56,0.39,0.27,0.27,0.38,0.33,0.42,< 0.23,< 0.23,< 0.23,0.35,0.51,0.72,0.32,0.62,0.72,0.28,1.3,0.51,< 0.23,1.6,< 0.23,< 0.23,< 0.23,< 0.23,< 0.23,0.5,< 0.23,0.49,< 0.23,< 0.23,< 0.23,< 0.23,< 0.23,< 0.23,< 0.23,< 0.23,12,16,< 0.23,< 0.23,< 0.23,0.24,2,< 0.23,2.2,< 0.23,3,< 0.23,< 0.23,< 0.23,1.1,0.44,< 0.23,< 0.23,< 0.23,< 0.23,4.1,4.6,11.1442,-19.9668,3.719127706,-19.60486357,11.4902,,
16SN-TW_Dp01r1,Central Eastern,Snohomish,Ebey Slough - Quilceda,Delta,Outside Mainstem,parr,65.76,3.2,4,0,0,Hatchery,1.39154342,0.25,< 0.21,< 0.22,< 0.22,< 0.22,< 0.22,< 0.21,< 0.21,< 0.22,< 0.22,< 0.22,< 0.22,< 0.22,< 0.22,< 0.21,< 0.21,< 0.22,< 0.22,< 0.21,0.5,0.57,0.54,0.36,0.25,0.23,0.35,0.29,0.4,< 0.22,< 0.21,0.24,0.36,0.46,0.76,0.29,0.64,0.66,0.28,1.4,0.67,< 0.21,1.7,< 0.22,< 0.22,< 0.22,< 0.22,< 0.22,0.51,< 0.22,0.64,< 0.22,< 0.22,< 0.22,< 0.22,< 0.22,< 0.21,< 0.22,< 0.22,12,16,< 0.22,< 0.22,< 0.22,< 0.21,1.7,< 0.22,1.7,< 0.21,0.81,< 0.22,< 0.22,< 0.22,0.37,0.24,< 0.22,< 0.22,< 0.22,< 0.22,1.18,1.4,11.2581,-19.0741,3.606192866,-18.82396906,11.9473,,
16SN-TW_Dp01r2,Central Eastern,Snohomish,Ebey Slough - Quilceda,Delta,Outside Mainstem,fry/parr,73.00714286,4.057142857,5,2,28.57142857,Hatchery,2.001062893,0.34,< 0.24,< 0.25,< 0.25,< 0.25,< 0.25,< 0.25,< 0.25,< 0.25,< 0.25,< 0.25,< 0.25,0.25,0.25,< 0.25,0.38,< 0.25,< 0.25,< 0.25,0.55,0.62,0.61,0.4,0.29,0.26,0.41,0.32,0.45,< 0.25,< 0.25,< 0.25,0.41,0.49,0.77,0.29,0.69,0.65,< 0.25,1.2,0.55,< 0.25,1.3,< 0.25,< 0.25,< 0.25,< 0.25,< 0.25,0.36,< 0.25,0.43,< 0.25,< 0.25,< 0.25,< 0.25,< 0.25,< 0.25,< 0.25,< 0.25,11,15,< 0.25,< 0.25,< 0.25,0.27,2.4,< 0.25,2.6,< 0.25,0.76,< 0.25,< 0.25,< 0.25,0.79,0.43,< 0.25,< 0.25,< 0.25,< 0.25,1.55,2,11.2673,-19.24,3.73573647,-18.86162089,12.1073,,
16SN-TW_Dp01r3,Central Eastern,Snohomish,Ebey Slough - Quilceda,Delta,Outside Mainstem,parr,78.545,4.8,2,0,0,Hatchery,1.510525995,0.36,< 0.26,< 0.27,< 0.27,< 0.27,< 0.27,< 0.26,< 0.26,< 0.26,< 0.27,< 0.27,< 0.26,0.31,0.31,< 0.26,0.35,< 0.27,< 0.27,0.34,0.84,0.85,0.76,0.56,0.36,0.3,0.43,0.35,0.49,< 0.27,< 0.26,< 0.27,0.38,0.42,0.69,0.28,0.66,0.64,< 0.27,1,0.53,< 0.26,1.1,< 0.27,< 0.27,< 0.27,< 0.27,< 0.27,0.31,< 0.27,0.45,< 0.27,< 0.27,< 0.27,< 0.27,< 0.27,< 0.26,< 0.27,< 0.27,12,15,< 0.27,< 0.27,< 0.26,< 0.26,1.8,< 0.27,1.8,< 0.26,0.62,< 0.27,< 0.27,< 0.27,< 0.26,< 0.27,< 0.26,< 0.27,< 0.27,< 0.27,0.88,0.62,11.5655,-19.2254,3.778847582,-18.80434089,11.9933,-18.88936633,11.59329397
16SN-TW_Df02r1,Central Eastern,Snohomish,Ebey Slough - Ebey,Delta,Outside Mainstem,fry,40.18266667,0.593333333,0,15,100,Wild,1.863185985,0.39,< 0.24,< 0.24,< 0.24,< 0.24,0.32,0.31,< 0.24,< 0.24,< 0.25,< 0.24,< 0.24,0.85,1.5,< 0.24,0.37,< 0.25,< 0.24,< 0.24,0.59,0.77,0.78,0.47,0.43,0.38,0.74,0.54,0.71,0.33,< 0.24,0.5,0.91,1.2,2,0.61,1.5,1.4,0.52,3.1,1.6,0.48,3.6,< 0.24,< 0.24,0.32,< 0.25,0.3,0.8,0.34,1.2,< 0.25,< 0.25,< 0.25,< 0.25,< 0.25,< 0.24,< 0.25,< 0.24,26,34,< 0.24,< 0.25,< 0.24,0.68,8.8,0.45,10,< 0.24,5,0.52,< 0.25,< 0.24,1.5,0.81,< 0.24,< 0.25,< 0.25,< 0.25,6.5,7.7,14.4715,-20.3166,3.721294023,-19.95251892,13.4731,,
16SN-TW_Df02r2,Central Eastern,Snohomish,Ebey Slough - Ebey,Delta,Outside Mainstem,fry,44.438,1.09,0,10,100,Wild,1.372411865,< 0.31,< 0.31,< 0.31,< 0.31,< 0.31,< 0.31,< 0.31,< 0.31,< 0.31,< 0.31,< 0.31,< 0.31,0.34,0.34,< 0.31,< 0.31,< 0.31,< 0.31,< 0.31,0.6,0.69,0.7,0.45,0.32,< 0.32,0.43,0.35,0.52,< 0.31,< 0.31,0.34,0.45,0.7,1.1,0.4,0.93,0.97,< 0.31,1.8,0.86,< 0.31,2,< 0.31,< 0.31,< 0.32,< 0.32,< 0.31,0.51,< 0.31,0.55,< 0.31,< 0.31,< 0.31,< 0.31,< 0.31,< 0.31,< 0.31,< 0.31,15,20,< 0.31,< 0.31,< 0.31,< 0.31,4.2,< 0.31,4.2,< 0.31,2.1,< 0.31,< 0.31,< 0.31,1.1,0.53,< 0.31,< 0.31,< 0.31,< 0.31,3.2,3.7,12.251,-21.9029,3.577050705,-21.6816198,11.9516,,
16SN-TW_Dfp02r1,Central Eastern,Snohomish,Ebey Slough - Ebey,Delta,Outside Mainstem,fry/parr,67.85714286,3.657142857,0,7,100,Wild,1.337015822,< 0.30,< 0.29,< 0.30,< 0.30,< 0.30,< 0.30,< 0.29,< 0.29,< 0.30,< 0.30,< 0.30,< 0.30,< 0.30,< 0.30,< 0.30,< 0.29,< 0.30,< 0.30,< 0.29,0.66,0.74,0.7,0.49,< 0.30,< 0.30,0.38,0.34,0.43,< 0.30,< 0.29,< 0.30,0.32,0.45,0.57,< 0.30,0.57,0.64,< 0.30,0.93,0.36,< 0.30,1,< 0.30,< 0.30,< 0.30,< 0.30,< 0.30,0.34,< 0.30,< 0.30,< 0.30,< 0.30,< 0.30,< 0.30,< 0.30,< 0.30,< 0.30,< 0.30,8.9,11,< 0.30,< 0.30,< 0.30,< 0.29,1.5,< 0.30,1.5,< 0.29,2,< 0.30,< 0.30,< 0.30,1.3,0.4,< 0.30,< 0.30,< 0.30,< 0.30,3.3,3.7,11.3643,-22.1874,3.544814784,-21.99803336,11.686,,
16SN-TW_Dfp02r2,Central Eastern,Snohomish,Ebey Slough - Ebey,Delta,Outside Mainstem,fry/parr,77.93,6.033333333,0,3,100,Wild,1.113514232,< 0.30,< 0.29,< 0.30,< 0.30,< 0.30,< 0.30,< 0.30,< 0.30,< 0.30,< 0.30,< 0.30,< 0.30,< 0.30,< 0.30,< 0.30,< 0.30,< 0.30,< 0.30,< 0.30,0.6,0.65,0.63,0.45,< 0.30,< 0.30,0.33,< 0.30,0.38,< 0.30,< 0.30,< 0.30,< 0.30,0.41,0.57,< 0.30,0.56,0.62,< 0.30,0.94,0.39,< 0.30,1.1,< 0.30,< 0.30,< 0.30,< 0.30,< 0.30,0.38,< 0.30,0.39,< 0.30,< 0.30,< 0.30,< 0.30,< 0.30,< 0.30,< 0.30,< 0.30,8.4,11,< 0.30,< 0.30,< 0.30,< 0.29,1.3,< 0.30,1.3,< 0.30,1.6,< 0.30,< 0.30,< 0.30,1.4,0.44,< 0.30,< 0.30,< 0.30,< 0.30,3,3.5,10.8717,-22.8791,3.57716814,-22.65770354,10.9389,,
16SN-TW_Dp02,Central Eastern,Snohomish,Ebey Slough - Ebey,Delta,Outside Mainstem,parr,68.54,3.45,2,0,0,Hatchery,1.570178018,0.26,< 0.25,< 0.26,< 0.25,< 0.26,< 0.26,< 0.25,< 0.25,< 0.25,< 0.26,< 0.25,< 0.25,< 0.25,< 0.26,< 0.25,< 0.25,< 0.26,< 0.26,0.27,0.66,0.66,0.62,0.45,0.31,< 0.26,0.37,0.28,0.41,< 0.26,< 0.25,< 0.26,0.35,0.37,0.63,< 0.26,0.56,0.53,< 0.26,0.88,0.48,< 0.25,1,< 0.25,< 0.26,< 0.26,< 0.26,< 0.26,0.26,< 0.25,0.35,< 0.26,< 0.26,< 0.26,< 0.26,< 0.26,< 0.25,< 0.26,< 0.26,9.5,12,< 0.26,< 0.26,< 0.25,< 0.25,1.3,< 0.26,1.3,< 0.25,0.48,< 0.26,< 0.26,< 0.26,< 0.25,< 0.26,< 0.25,< 0.26,< 0.26,< 0.26,0.73,0.48,11.53,-18.9116,3.563597643,-18.70363833,11.9073,,
16SN-TW_Dp4846,Central Eastern,Snohomish,Ebey Slough - Ebey,Delta,Outside Mainstem,parr,78.45,6.4,1,0,0,Hatchery,0.918523455,6.90E-02,< 0.062,< 0.063,< 0.063,< 0.063,< 0.063,< 0.062,< 0.062,< 0.063,< 0.063,< 0.063,< 0.063,8.50E-02,8.50E-02,< 0.063,0.2,< 0.063,< 0.063,0.23,0.53,0.58,0.57,0.42,0.23,0.2,0.32,0.26,0.37,0.15,6.60E-02,0.26,0.32,0.31,0.61,0.24,0.52,0.56,0.16,0.84,0.31,9.40E-02,0.86,< 0.063,7.70E-02,0.12,< 0.063,8.60E-02,0.26,8.30E-02,0.26,< 0.063,< 0.063,< 0.063,0.11,< 0.063,< 0.063,< 0.063,< 0.063,10,12,< 0.063,< 0.063,< 0.063,8.60E-02,0.93,< 0.063,1,9.40E-02,1.9,0.27,0.11,< 0.063,3.1,0.66,0.21,0.23,< 0.063,< 0.063,5,6.6,,,,,,,
16SN-TW_Dp4839,Central Eastern,Snohomish,Qwuloolt,Delta,Outside Mainstem,parr,84,8.1,1,0,0,Hatchery,1.353806526,< 0.27,< 0.26,< 0.27,< 0.27,< 0.27,< 0.27,< 0.27,< 0.27,< 0.27,< 0.27,< 0.27,< 0.27,< 0.27,< 0.27,< 0.27,< 0.27,< 0.27,< 0.27,0.57,1.4,1.2,1.2,0.85,0.34,0.32,0.39,0.32,0.44,< 0.27,< 0.27,< 0.27,0.27,0.37,0.54,< 0.27,0.54,0.56,< 0.27,0.78,0.33,< 0.27,0.83,< 0.27,< 0.27,< 0.27,< 0.27,< 0.27,0.3,< 0.27,0.29,< 0.27,< 0.27,< 0.27,< 0.27,< 0.27,< 0.27,< 0.27,< 0.27,12,14,< 0.27,< 0.27,< 0.27,< 0.27,0.97,< 0.27,0.97,< 0.27,1.6,0.31,< 0.27,< 0.27,1.9,0.37,< 0.27,< 0.27,< 0.27,< 0.27,3.5,4.2,11.7035,-22.5556,3.549736076,-22.36136128,11.4373,,
16SN-TW_Dfp03,Central Eastern,Snohomish,Lower Mainstem,Delta,Mainstem Lower Delta,fry/parr,68.72,3.466666667,2,1,33.33333333,Hatchery,0.996992553,< 0.24,< 0.24,< 0.24,< 0.24,< 0.24,< 0.24,< 0.24,< 0.24,< 0.24,< 0.24,< 0.24,< 0.24,< 0.24,< 0.24,< 0.24,< 0.24,< 0.24,< 0.24,0.61,1.5,1.4,1.3,0.9,0.47,0.43,0.68,0.46,0.64,0.28,< 0.24,0.34,0.5,0.54,0.96,0.32,0.85,0.77,0.26,1.3,0.63,< 0.24,1.4,< 0.24,< 0.24,< 0.25,< 0.25,< 0.25,0.45,< 0.24,0.52,< 0.25,< 0.24,< 0.24,< 0.25,< 0.24,< 0.24,< 0.24,< 0.24,18,21,< 0.24,< 0.25,< 0.24,< 0.24,1.5,< 0.24,1.5,< 0.24,3.1,0.26,< 0.25,< 0.24,2.6,0.6,< 0.24,< 0.24,< 0.25,< 0.25,5.7,6.6,10.9741,-22.8979,3.464814198,-22.78773394,10.2115,,
16SN-TW_Dp03r1,Central Eastern,Snohomish,Lower Mainstem,Delta,Mainstem Lower Delta,fry/parr,78.354,5.48,4,1,20,Hatchery,1.841835153,0.24,< 0.20,< 0.21,< 0.21,< 0.21,< 0.21,< 0.21,< 0.21,< 0.21,< 0.21,< 0.21,< 0.21,< 0.21,< 0.21,< 0.21,0.33,< 0.21,< 0.21,0.41,0.97,1,1,0.68,0.41,0.36,0.58,0.38,0.52,0.24,< 0.21,0.26,0.45,0.46,0.81,0.27,0.7,0.66,< 0.21,1.2,0.57,< 0.21,1.4,< 0.21,< 0.21,< 0.21,< 0.21,< 0.21,0.34,< 0.21,0.34,< 0.21,< 0.21,< 0.21,< 0.21,< 0.21,< 0.21,< 0.21,< 0.21,14,17,< 0.21,< 0.21,< 0.21,< 0.20,1.8,< 0.21,1.8,< 0.21,1.7,< 0.21,< 0.21,< 0.21,1.4,0.44,< 0.21,< 0.21,< 0.21,< 0.21,3.1,3.5,10.8138,-20.8757,3.754999913,-20.47825009,11.5473,,
16SN-TW_Dp03r2,Central Eastern,Snohomish,Lower Mainstem,Delta,Mainstem Lower Delta,parr,76.60666667,5.366666667,3,0,0,Hatchery,1.652067946,0.23,< 0.22,< 0.23,< 0.23,< 0.23,< 0.23,< 0.22,< 0.22,< 0.23,< 0.23,< 0.23,< 0.23,< 0.23,< 0.23,< 0.23,< 0.22,< 0.23,< 0.23,0.4,0.98,0.9,0.95,0.65,0.4,0.34,0.57,0.4,0.51,0.24,< 0.22,0.3,0.54,0.57,1.2,0.48,1,1.1,0.3,1.8,0.86,< 0.23,1.8,< 0.23,< 0.23,< 0.23,< 0.23,< 0.23,0.42,< 0.23,0.43,< 0.23,< 0.23,< 0.23,< 0.23,< 0.23,< 0.23,< 0.23,< 0.23,17,22,< 0.23,< 0.23,< 0.23,0.32,2,< 0.23,2.4,< 0.22,1.2,< 0.23,< 0.23,< 0.23,1.1,0.37,< 0.23,< 0.23,< 0.23,< 0.23,2.3,2.7,10.723,-19.7369,3.740613351,-19.35369278,9.7983,,
16SN-TW_Dp04,Central Eastern,Snohomish,Steamboat Slough - Biringer,Delta,Outside Mainstem,parr,76.98333333,5.366666667,3,0,0,Hatchery,1.747974269,0.23,< 0.16,< 0.16,< 0.16,< 0.16,< 0.16,< 0.16,< 0.16,< 0.16,< 0.16,< 0.16,< 0.16,< 0.16,< 0.16,< 0.16,0.31,< 0.16,< 0.16,0.34,0.85,0.86,0.86,0.6,0.31,0.27,0.39,0.28,0.36,0.17,< 0.16,0.17,0.3,0.36,0.63,0.23,0.52,0.54,< 0.17,1,0.5,< 0.16,1.2,< 0.16,< 0.16,< 0.17,< 0.17,< 0.17,0.29,< 0.16,0.31,< 0.17,< 0.17,< 0.17,< 0.17,< 0.16,< 0.16,< 0.17,< 0.16,11,14,< 0.16,< 0.17,< 0.16,0.19,1.6,< 0.17,1.8,< 0.16,1.3,< 0.16,< 0.17,< 0.16,0.86,0.31,< 0.16,< 0.16,< 0.17,< 0.17,2.16,2.5,10.8703,-19.7088,3.902143323,-19.16567811,12.6691,,
16SN-TW_Dfp04r1,Central Eastern,Snohomish,Steamboat Slough - Biringer,Delta,Outside Mainstem,fry/parr,64.76333333,3.133333333,1,2,66.66666667,Wild,1.012958872,0.29,< 0.22,< 0.22,< 0.22,< 0.22,< 0.22,< 0.22,< 0.22,< 0.22,< 0.22,< 0.22,< 0.22,0.68,0.68,< 0.22,< 0.22,< 0.22,< 0.22,0.39,0.94,1,0.97,0.67,0.36,0.39,0.55,0.63,0.5,0.43,< 0.22,0.29,0.35,0.92,0.81,0.63,0.66,1.4,0.4,2.4,0.45,< 0.22,2.5,< 0.22,0.25,0.37,< 0.22,< 0.22,1,0.25,0.52,< 0.22,< 0.22,< 0.22,< 0.22,< 0.22,< 0.22,< 0.22,< 0.22,20,27,< 0.22,< 0.22,< 0.22,< 0.22,2.3,0.4,2.7,< 0.22,8.9,< 0.22,< 0.22,< 0.22,2.4,1.1,0.65,0.23,< 0.22,< 0.22,11.3,13,11.4997,-23.959,3.692125323,-23.62379593,9.5629,,
16SN-TW_Dfp04r2,Central Eastern,Snohomish,Steamboat Slough - Biringer,Delta,Outside Mainstem,fry/parr,71.82,4.066666667,0,3,100,Wild,0.753395107,< 0.15,< 0.15,< 0.15,< 0.15,< 0.15,< 0.15,< 0.15,< 0.15,< 0.15,< 0.15,< 0.15,< 0.15,0.36,0.36,< 0.15,< 0.15,< 0.15,< 0.15,0.37,0.9,0.92,0.89,0.64,0.35,0.31,0.55,0.36,0.56,0.26,< 0.15,0.42,0.36,0.69,1.1,0.52,0.54,1.3,0.23,1.5,0.39,< 0.15,1.5,< 0.15,0.16,< 0.16,< 0.16,< 0.16,0.33,< 0.15,0.24,< 0.16,< 0.16,< 0.16,< 0.16,< 0.15,< 0.15,< 0.16,< 0.15,15,20,< 0.15,< 0.16,< 0.15,< 0.15,1.5,0.28,1.8,< 0.15,2.1,0.16,< 0.16,< 0.15,1.9,0.47,0.19,< 0.15,< 0.16,< 0.16,4,4.9,11.1398,-20.6088,3.479568999,-20.48402669,13.2128,,
16SN-TW_Dfp05r1,Central Eastern,Snohomish,Union Slough - Smith Island,Delta,Outside Mainstem,fry/parr,71.032,4.74,0,5,100,Wild,1.130710926,< 0.26,< 0.25,< 0.26,< 0.26,< 0.26,< 0.26,< 0.26,< 0.26,< 0.26,< 0.26,< 0.26,< 0.26,0.3,0.3,< 0.26,< 0.26,< 0.26,< 0.26,0.45,1.1,1.1,1.1,0.76,0.36,0.34,0.48,0.4,0.46,0.27,< 0.26,< 0.26,0.35,0.57,0.73,0.37,0.62,0.95,< 0.26,1.5,0.43,< 0.26,1.7,< 0.26,< 0.26,< 0.26,< 0.26,< 0.26,0.65,< 0.26,0.34,< 0.26,< 0.26,< 0.26,< 0.26,< 0.26,< 0.26,< 0.26,< 0.26,15,19,< 0.26,< 0.26,< 0.26,< 0.25,1.7,< 0.26,1.7,< 0.26,3.9,< 0.26,< 0.26,< 0.26,2.5,0.83,0.39,< 0.26,< 0.26,< 0.26,6.4,7.6,10.2429,-22.9797,3.386308319,-22.94725476,10.794,,
16SN-TW_Dfp05r2,Central Eastern,Snohomish,Union Slough - Smith Island,Delta,Outside Mainstem,fry/parr,77.60333333,5.666666667,0,3,100,Wild,1.166196463,< 0.25,< 0.24,< 0.25,< 0.25,< 0.25,< 0.25,< 0.24,< 0.24,< 0.24,< 0.25,< 0.25,< 0.24,< 0.25,< 0.25,< 0.24,< 0.24,< 0.25,< 0.25,0.4,0.96,0.95,0.96,0.66,0.31,0.27,0.37,0.25,0.36,< 0.25,< 0.24,< 0.25,0.27,0.35,0.58,< 0.25,0.48,0.55,< 0.25,0.86,0.34,< 0.24,0.98,< 0.25,< 0.25,< 0.25,< 0.25,< 0.25,0.29,< 0.25,< 0.25,< 0.25,< 0.25,< 0.25,< 0.25,< 0.25,< 0.24,< 0.25,< 0.25,10,12,< 0.25,< 0.25,< 0.24,< 0.24,1.6,< 0.25,1.6,< 0.24,2,< 0.25,< 0.25,< 0.25,2.2,0.5,< 0.24,< 0.25,< 0.25,< 0.25,4.2,4.7,9.1257,-23.7232,3.542498432,-23.53612655,7.8428,,
16SN-TW_Dp05,Central Eastern,Snohomish,Union Slough - Smith Island,Delta,Outside Mainstem,parr,81.15333333,6.8,3,0,0,Hatchery,2.604225364,0.36,< 0.26,< 0.27,< 0.27,< 0.27,< 0.27,< 0.27,< 0.26,< 0.27,< 0.27,< 0.27,< 0.27,< 0.27,< 0.27,< 0.27,0.27,< 0.27,< 0.27,0.42,1.1,0.94,0.94,0.69,0.43,0.37,0.57,0.39,0.51,< 0.27,< 0.27,0.27,0.51,0.51,0.96,0.28,0.77,0.68,< 0.27,1.3,0.68,< 0.27,1.5,< 0.27,< 0.27,< 0.27,< 0.27,< 0.27,0.3,< 0.27,0.44,< 0.27,< 0.27,< 0.27,< 0.27,< 0.27,< 0.27,< 0.27,< 0.27,14,18,< 0.27,< 0.27,< 0.27,0.38,2.3,< 0.27,2.7,< 0.27,0.7,< 0.27,< 0.27,< 0.27,0.45,< 0.27,< 0.27,< 0.27,< 0.27,< 0.27,1.15,1.1,10.31,-20.4071,4.08950966,-19.67848544,9.1495,-19.66976761,10.64124191
16SN-TW_Dfp06r1,Central Eastern,Snohomish,Langus Pier,Delta,Mainstem Lower Delta,fry/parr,46.295,1.1,0,2,100,Wild,0.942233791,< 0.26,< 0.26,< 0.26,< 0.26,< 0.26,< 0.26,< 0.26,< 0.26,< 0.26,< 0.26,< 0.26,< 0.26,0.41,0.41,< 0.26,< 0.26,< 0.26,< 0.26,0.47,1.1,1.2,1.2,0.81,0.41,0.36,0.57,0.41,0.57,0.27,< 0.26,0.35,0.47,0.66,1.1,0.41,0.96,1,< 0.27,1.8,0.84,< 0.26,2,< 0.26,< 0.26,< 0.27,< 0.27,< 0.27,0.46,< 0.26,0.47,< 0.27,< 0.26,< 0.26,< 0.27,< 0.26,< 0.26,< 0.26,< 0.26,18,22,< 0.26,< 0.27,< 0.26,< 0.26,3.9,< 0.26,3.9,< 0.26,2.7,< 0.26,< 0.27,< 0.26,2.5,0.72,< 0.26,< 0.26,< 0.26,< 0.26,5.2,6,,,,,,,
16SN-TW_Dp06r2,Central Eastern,Snohomish,Langus Pier,Delta,Mainstem Lower Delta,parr,91.085,8.55,2,0,0,Hatchery,0.862312491,< 0.21,< 0.21,< 0.21,< 0.21,< 0.21,< 0.21,< 0.21,< 0.21,< 0.21,< 0.21,< 0.21,< 0.21,0.24,0.24,< 0.21,< 0.21,< 0.21,< 0.21,0.34,0.82,0.83,0.83,0.56,0.59,0.5,1.2,0.7,1.4,0.55,0.49,2.4,2.3,2.8,5.4,2.6,5.2,5.7,1.7,8,3.3,0.75,7.4,1,0.98,1.3,0.34,0.62,2.2,0.61,1.3,< 0.21,0.32,< 0.21,0.25,< 0.21,< 0.21,< 0.21,< 0.21,65,83,< 0.21,< 0.21,< 0.21,< 0.21,1.6,< 0.21,1.6,< 0.21,3.3,< 0.21,< 0.21,< 0.21,4.8,1.1,0.42,0.37,< 0.21,< 0.21,8.1,10,10.458,-21.1877,3.421517849,-21.12039733,8.5366,,
16SN-TW_Dfp06r3,Central Eastern,Snohomish,Langus Pier,Delta,Mainstem Lower Delta,fry/parr,65.638,3.36,1,4,80,Wild,1.324476592,< 0.26,< 0.26,< 0.26,< 0.26,< 0.26,< 0.26,< 0.26,< 0.26,< 0.26,< 0.27,< 0.26,< 0.26,0.91,0.91,< 0.26,< 0.26,< 0.26,< 0.26,0.55,1.2,2.1,2,1.2,1,0.97,1.4,0.71,1.1,0.52,< 0.26,0.56,0.77,0.95,1.7,0.67,1.4,1.5,0.36,2.5,1,0.28,2.7,< 0.26,< 0.26,0.33,< 0.27,< 0.27,0.87,< 0.26,0.53,< 0.27,< 0.27,< 0.27,< 0.27,< 0.27,< 0.26,< 0.27,< 0.26,29,35,< 0.26,< 0.27,< 0.26,< 0.26,2.5,< 0.27,2.5,0.31,8.3,0.41,< 0.27,< 0.26,7.7,1.9,0.72,0.46,< 0.27,< 0.27,16,20,8.3389,-23.4614,3.709243339,-23.10924909,9.7343,-22.49324189,8.435073097
16SN-TW_Dfp06r4,Central Eastern,Snohomish,Langus Pier,Delta,Mainstem Lower Delta,fry/parr,66.06,6.86,0,5,100,Wild,1.973399242,0.24,< 0.21,< 0.21,< 0.21,< 0.21,< 0.21,< 0.21,< 0.21,< 0.21,< 0.21,< 0.21,0.61,0.48,1.1,< 0.21,0.52,< 0.21,< 0.21,0.4,0.78,1.4,1.4,0.41,1.1,0.86,1.6,0.94,1.8,0.66,0.28,1.1,1.5,1.3,3,1.1,2.9,2.5,0.54,3.8,1.7,0.51,3.6,0.28,0.37,0.4,< 0.22,0.32,1.2,0.37,0.99,< 0.22,< 0.22,< 0.22,< 0.22,< 0.21,< 0.21,< 0.22,< 0.21,39,47,0.28,< 0.22,< 0.21,< 0.21,2.6,< 0.21,2.8,0.64,15,1.3,0.81,< 0.21,15,3.6,0.7,0.87,< 0.22,< 0.22,30,37,7.2841,-24.7938,3.78870888,-24.36297821,8.8143,,
16SN-TW_Dfp06r5,Central Eastern,Snohomish,Langus Pier,Delta,Mainstem Lower Delta,fry/parr,70.23,7.5,0,4,100,Wild,1.719885398,< 0.27,< 0.27,< 0.27,< 0.27,< 0.27,< 0.27,< 0.27,< 0.27,< 0.27,< 0.27,< 0.27,0.58,0.4,0.98,< 0.27,0.68,< 0.27,< 0.27,0.44,0.84,1.7,1.6,0.49,1.2,0.98,1.8,1.1,2,0.75,0.31,1.1,1.6,1.3,3,1.1,2.8,2.1,0.44,3.4,1.7,0.55,3.3,< 0.27,0.36,0.39,< 0.27,< 0.27,1.2,0.38,0.93,< 0.27,< 0.27,< 0.27,< 0.27,< 0.27,< 0.27,< 0.27,< 0.27,39,46,0.4,< 0.27,< 0.27,< 0.27,2.8,< 0.27,3.2,0.53,17,1.5,0.79,< 0.27,16,3.8,0.9,0.76,< 0.27,< 0.27,33,41,7.6495,-23.662,3.741113282,-23.27829785,9.8859,,
16SN-TW_Dfp06r6,Central Eastern,Snohomish,Langus Pier,Delta,Mainstem Lower Delta,fry/parr,81.0775,10.05,1,3,75,Wild,1.738801518,< 0.19,< 0.19,< 0.19,< 0.19,< 0.19,< 0.20,< 0.19,< 0.19,< 0.19,< 0.20,< 0.19,0.41,0.42,0.83,< 0.19,0.33,< 0.20,< 0.19,0.39,0.8,1.5,1.3,0.52,1,0.84,1.5,0.97,1.7,0.7,0.22,0.93,1.4,1.2,2.4,0.92,2.2,1.8,0.4,2.7,1.3,0.39,2.6,< 0.19,0.27,0.22,< 0.20,< 0.20,0.83,0.27,0.62,< 0.20,< 0.20,< 0.20,< 0.20,< 0.20,< 0.19,< 0.20,< 0.19,32,37,0.23,< 0.20,< 0.19,0.2,2.3,< 0.20,2.7,0.63,16,1.2,0.82,< 0.19,16,3.9,0.99,0.74,< 0.20,< 0.20,32,41,7.0294,-26.2146,3.49009009,-26.07941081,9.1717,,
16SN-TW_Dfp06r7,Central Eastern,Snohomish,Langus Pier,Delta,Mainstem Lower Delta,fry/parr,88.42333333,7.066666667,0,3,100,Wild,1.440580661,< 0.24,< 0.24,< 0.24,< 0.24,< 0.24,< 0.25,< 0.24,< 0.24,< 0.24,< 0.25,< 0.24,< 0.24,< 0.24,< 0.25,< 0.24,< 0.24,< 0.25,< 0.24,0.29,0.72,0.85,0.71,0.56,0.29,0.26,0.41,0.31,0.47,< 0.25,< 0.24,0.38,0.41,0.53,1.1,0.41,0.89,1.1,0.3,1.7,0.77,< 0.24,1.9,< 0.24,< 0.24,< 0.25,< 0.25,< 0.25,0.88,< 0.24,0.69,< 0.25,< 0.25,< 0.25,< 0.25,< 0.25,< 0.24,< 0.25,< 0.24,16,21,< 0.24,< 0.25,< 0.24,< 0.24,1.4,< 0.25,1.4,< 0.24,2.6,< 0.25,< 0.25,< 0.24,3.5,0.71,0.28,0.28,< 0.25,< 0.25,6.1,7.3,8.4686,-22.8864,3.506259314,-22.73520328,5.715,,
16SN-TW_Dp06r1,Central Eastern,Snohomish,Langus Pier,Delta,Mainstem Lower Delta,parr,79.52,6,6,0,0,Hatchery,2.567746942,0.33,< 0.25,< 0.25,< 0.25,< 0.25,< 0.25,< 0.25,< 0.25,< 0.25,< 0.25,< 0.25,0.43,< 0.25,0.43,< 0.25,< 0.25,< 0.25,< 0.25,0.27,0.66,0.81,0.68,0.53,0.46,0.38,0.81,0.42,0.78,0.26,< 0.25,0.66,1.1,0.91,1.9,0.76,1.9,1.6,0.51,2.6,1.3,0.31,2.4,< 0.25,< 0.25,0.27,< 0.25,< 0.25,0.52,< 0.25,0.57,< 0.25,< 0.25,< 0.25,< 0.25,< 0.25,< 0.25,< 0.25,< 0.25,23,30,< 0.25,< 0.25,< 0.25,0.33,2.2,< 0.25,2.6,< 0.25,0.99,< 0.25,< 0.25,< 0.25,0.53,< 0.25,< 0.25,< 0.25,< 0.25,< 0.25,1.52,1.5,10.4817,-20.1409,3.747852584,-19.75052594,8.8595,,
16SN-TW_Dfp06r2,Central Eastern,Snohomish,Langus Pier,Delta,Mainstem Lower Delta,fry/parr,53.055,1.7625,1,7,87.5,Wild,1.180630562,< 0.24,< 0.23,< 0.24,< 0.24,< 0.24,< 0.24,< 0.24,< 0.24,< 0.24,< 0.24,< 0.24,< 0.24,0.79,0.79,< 0.24,0.67,< 0.24,< 0.24,0.31,0.74,1,1,0.5,0.49,0.43,0.76,0.45,0.77,0.31,< 0.24,0.43,0.65,0.61,1.3,0.42,1.1,0.99,0.3,1.6,0.75,< 0.24,1.8,< 0.24,< 0.24,< 0.24,< 0.24,< 0.24,0.59,< 0.24,0.51,< 0.24,< 0.24,< 0.24,< 0.24,< 0.24,< 0.24,< 0.24,< 0.24,18,22,< 0.24,< 0.24,< 0.24,< 0.24,2.7,< 0.24,2.7,< 0.24,6,0.43,< 0.24,< 0.24,5.1,1.2,0.47,0.32,< 0.24,< 0.24,11.1,14,9.3474,-24.4166,3.561161371,-24.21105024,8.4855,,
16SN-TW_Dp4093,Central Eastern,Snohomish,Langus Pier,Delta,Mainstem Lower Delta,parr,65.07,3.6,1,0,0,Hatchery,1.101661524,< 0.31,< 0.30,< 0.31,< 0.31,< 0.31,< 0.31,< 0.31,< 0.30,< 0.31,< 0.31,< 0.31,< 0.31,< 0.31,< 0.31,< 0.31,< 0.31,< 0.31,< 0.31,0.37,0.84,1,1,0.53,0.56,0.43,0.78,0.44,0.81,< 0.31,< 0.31,0.46,0.67,0.41,1.1,0.35,1,0.77,< 0.31,1.2,0.59,< 0.31,1.2,< 0.31,< 0.31,< 0.31,< 0.31,< 0.31,0.34,< 0.31,< 0.31,< 0.31,< 0.31,< 0.31,< 0.31,< 0.31,< 0.31,< 0.31,< 0.31,15,18,< 0.31,< 0.31,< 0.31,< 0.30,1.1,< 0.31,1.1,< 0.31,4.5,0.39,< 0.31,< 0.31,4.6,0.99,< 0.31,< 0.31,< 0.31,< 0.31,9.1,10,,,,,,,
16SN-TW_Dfp07r1,Central Eastern,Snohomish,Deadwater,Delta,Mainstem Lower Delta,fry/parr,47.64,1.34,0,5,100,Wild,1.302168459,< 0.25,< 0.25,< 0.25,< 0.25,< 0.25,< 0.25,0.42,< 0.25,< 0.25,< 0.25,< 0.25,0.3,1.3,2,< 0.25,0.31,< 0.25,< 0.25,< 0.25,0.56,0.67,0.61,0.42,< 0.25,< 0.25,0.3,0.26,0.36,< 0.25,< 0.25,< 0.25,0.28,0.51,0.77,0.29,0.66,0.87,< 0.25,1.6,0.58,< 0.25,1.8,< 0.25,< 0.25,< 0.25,< 0.25,< 0.25,0.55,< 0.25,0.43,< 0.25,< 0.25,< 0.25,< 0.25,< 0.25,< 0.25,< 0.25,< 0.25,12,16,< 0.25,< 0.25,< 0.25,< 0.25,4.4,< 0.25,4.4,< 0.25,2.4,< 0.25,< 0.25,< 0.25,2,0.64,0.26,< 0.25,< 0.25,< 0.25,4.4,5.3,11.3836,-23.8216,3.567426305,-23.60984796,9.3848,,
16SN-TW_Dfp07r2,Central Eastern,Snohomish,Deadwater,Delta,Mainstem Lower Delta,fry/parr,69.52,4.666666667,0,3,100,Wild,1.593273379,< 0.20,< 0.20,< 0.20,< 0.20,< 0.20,< 0.20,< 0.20,< 0.20,< 0.20,< 0.20,< 0.20,0.47,0.48,0.95,< 0.20,< 0.20,< 0.20,< 0.20,0.41,0.86,1.5,1.3,0.49,0.95,0.77,1.4,0.86,1.5,0.63,< 0.20,0.87,1.2,1.1,2.2,0.82,1.9,1.6,0.29,2.4,1.1,0.3,2.3,< 0.20,0.26,0.21,< 0.21,< 0.20,0.73,0.21,0.43,< 0.20,< 0.20,< 0.20,< 0.20,< 0.20,< 0.20,< 0.20,< 0.20,29,34,0.53,< 0.20,< 0.20,< 0.20,2.7,< 0.20,3.2,0.62,15,1.1,0.66,< 0.20,14,3.1,0.81,0.52,< 0.20,< 0.20,29,35,7.9223,-24.8922,3.74827479,-24.50140796,7.7544,,
16SN-TW_Dfp07r3,Central Eastern,Snohomish,Deadwater,Delta,Mainstem Lower Delta,fry/parr,65.25833333,4.083333333,0,6,100,Wild,1.459212039,< 0.20,< 0.20,< 0.20,< 0.20,< 0.20,< 0.21,< 0.20,< 0.20,< 0.20,< 0.21,< 0.20,0.31,0.31,0.62,< 0.20,< 0.20,< 0.21,< 0.20,0.33,0.66,1.2,1.1,0.41,0.84,0.62,1.2,0.73,1.3,0.49,< 0.20,0.72,1,0.82,1.8,0.74,1.8,1.3,0.28,2.1,1,0.28,2.1,< 0.20,< 0.20,0.22,< 0.21,< 0.21,0.7,< 0.20,0.43,< 0.21,< 0.21,< 0.21,< 0.21,< 0.21,< 0.20,< 0.21,< 0.20,24,29,< 0.20,< 0.21,< 0.20,< 0.20,2.4,< 0.21,2.4,0.47,13,0.83,0.59,< 0.20,13,2.9,0.66,0.54,< 0.21,< 0.21,26,31,7.8587,-25.6266,3.880118648,-25.10528254,8.5685,,
16SN-TW_Dfp07r4,Central Eastern,Snohomish,Deadwater,Delta,Mainstem Lower Delta,fry/parr,82.19166667,6.833333333,0,6,100,Wild,1.670452763,< 0.26,< 0.25,< 0.26,< 0.25,< 0.26,< 0.26,< 0.25,< 0.25,< 0.25,< 0.26,< 0.25,0.31,0.28,0.58,< 0.25,< 0.25,< 0.26,< 0.26,0.36,0.79,1.3,1.2,0.5,0.77,0.61,1.1,0.69,1.2,0.51,< 0.25,0.72,0.92,0.88,1.9,0.73,1.5,1.5,0.29,2.2,0.91,0.26,2.2,< 0.25,< 0.26,< 0.26,< 0.26,< 0.26,0.74,< 0.25,0.48,< 0.26,< 0.26,< 0.26,< 0.26,< 0.26,< 0.25,< 0.26,< 0.26,24,30,< 0.26,< 0.26,< 0.25,< 0.25,3.1,< 0.26,3.1,0.41,11,0.75,0.42,< 0.26,11,2.4,0.56,0.46,< 0.26,< 0.26,22,27,8.4395,-24.9453,3.608410506,-24.6929736,7.2384,,
16SN-TW_Dp07r1,Central Eastern,Snohomish,Deadwater,Delta,Mainstem Lower Delta,parr,70.95,4.233333333,3,0,0,Hatchery,1.032348464,< 0.23,< 0.23,< 0.23,< 0.23,< 0.23,< 0.23,< 0.23,< 0.23,< 0.23,< 0.23,< 0.23,< 0.23,0.25,0.25,< 0.23,< 0.23,< 0.23,< 0.23,0.24,0.59,0.69,0.59,0.41,0.24,< 0.24,0.33,0.26,0.38,< 0.23,< 0.23,0.26,0.33,0.43,0.75,0.26,0.63,0.71,< 0.23,1.3,0.58,< 0.23,1.5,< 0.23,< 0.23,< 0.24,< 0.24,< 0.23,0.38,< 0.23,0.38,< 0.23,< 0.23,< 0.23,< 0.23,< 0.23,< 0.23,< 0.23,< 0.23,11,15,< 0.23,< 0.23,< 0.23,< 0.23,2.1,< 0.23,2.1,< 0.23,1.7,< 0.23,< 0.23,< 0.23,1.3,0.37,< 0.23,< 0.23,< 0.23,< 0.23,3,3.4,10.1207,-22.9527,3.524524595,-22.78342065,8.4221,,
16SN-TW_Dfp08r1,Central Eastern,Snohomish,Big Tree,Delta,Mainstem Upper Delta,fry/parr,42.83,1.033333333,0,3,100,Wild,1.244060953,< 0.30,< 0.30,< 0.30,< 0.30,< 0.30,< 0.30,< 0.30,< 0.30,< 0.30,< 0.30,< 0.30,< 0.30,0.34,0.34,< 0.30,< 0.30,< 0.30,< 0.30,< 0.30,0.56,0.57,0.52,0.38,< 0.30,< 0.31,< 0.31,< 0.30,0.32,< 0.30,< 0.30,< 0.31,< 0.30,0.35,0.58,< 0.30,0.55,0.49,< 0.31,0.95,0.44,< 0.30,1.1,< 0.30,< 0.30,< 0.31,< 0.31,< 0.31,< 0.30,< 0.30,0.35,< 0.31,< 0.31,< 0.31,< 0.31,< 0.30,< 0.30,< 0.31,< 0.30,7.2,9.2,< 0.30,< 0.31,< 0.30,< 0.30,2.9,< 0.30,2.9,< 0.30,1.4,< 0.30,< 0.31,< 0.30,0.88,< 0.30,< 0.30,< 0.30,< 0.31,< 0.31,2.28,2.3,,,,,,,
16SN-TW_Dfp08r2,Central Eastern,Snohomish,Big Tree,Delta,Mainstem Upper Delta,fry/parr,55.295,2,0,4,100,Wild,1.57802468,< 0.22,< 0.22,< 0.22,< 0.22,< 0.22,< 0.22,< 0.22,< 0.22,< 0.22,< 0.22,< 0.22,< 0.22,0.51,0.51,< 0.22,< 0.22,< 0.22,< 0.22,0.29,0.71,0.76,0.69,0.53,0.28,< 0.23,0.4,0.31,0.4,< 0.22,< 0.22,0.27,0.35,0.4,0.71,0.26,0.64,0.73,< 0.22,1.1,0.45,< 0.22,1.2,< 0.22,< 0.22,< 0.23,< 0.23,< 0.22,0.28,< 0.22,0.29,< 0.22,< 0.22,< 0.22,< 0.22,< 0.22,< 0.22,< 0.22,< 0.22,11,14,< 0.22,< 0.22,< 0.22,< 0.22,2.7,< 0.22,2.7,< 0.22,2.2,< 0.22,< 0.22,< 0.22,1.7,0.52,< 0.22,< 0.22,< 0.22,< 0.22,3.9,4.4,9.4048,-24.0012,3.612094299,-23.74522664,6.1187,-23.78709069,9.251544972
16SN-TW_Dfp08r3,Central Eastern,Snohomish,Big Tree,Delta,Mainstem Upper Delta,fry/parr,75.8275,5.525,0,4,100,Wild,1.341985974,< 0.28,< 0.27,< 0.28,< 0.28,< 0.28,< 0.28,< 0.28,< 0.28,< 0.28,< 0.28,< 0.28,< 0.28,< 0.28,< 0.28,< 0.28,< 0.28,< 0.28,< 0.28,< 0.28,0.63,0.68,0.6,0.47,< 0.28,< 0.28,0.31,< 0.28,0.32,< 0.28,< 0.28,< 0.28,< 0.28,0.32,0.57,< 0.28,0.6,0.64,< 0.28,0.95,0.39,< 0.28,1,< 0.28,< 0.28,< 0.28,< 0.28,< 0.28,0.36,< 0.28,< 0.28,< 0.28,< 0.28,< 0.28,< 0.28,< 0.28,< 0.28,< 0.28,< 0.28,7.8,10,< 0.28,< 0.28,< 0.28,< 0.27,1.6,< 0.28,1.6,< 0.28,2.3,< 0.28,< 0.28,< 0.28,2.3,0.6,< 0.28,< 0.28,< 0.28,< 0.28,4.6,5.2,8.7139,-25.2474,3.580131593,-25.02306972,3.8431,,
16SN-TW_Df09,Central Eastern,Snohomish,Fields Riffle,Delta,Mainstem Upper Delta,fry,39.06125,0.7,0,8,100,Wild,1.938691734,0.32,< 0.25,< 0.25,< 0.25,< 0.25,< 0.25,0.29,< 0.25,< 0.25,< 0.25,< 0.25,< 0.25,0.87,1.2,< 0.25,< 0.25,< 0.25,< 0.25,0.27,0.7,0.86,0.79,0.53,0.41,0.33,0.69,0.49,0.64,0.33,< 0.25,0.46,0.84,1.1,1.7,0.5,1.3,1.3,0.33,2.5,1.3,0.46,2.9,< 0.25,< 0.25,< 0.25,< 0.25,< 0.25,0.64,< 0.25,0.79,< 0.25,< 0.25,< 0.25,< 0.25,< 0.25,< 0.25,< 0.25,< 0.25,22,28,< 0.25,< 0.25,< 0.25,0.58,8.7,0.5,9.7,< 0.25,4.2,0.35,< 0.25,< 0.25,1.6,0.77,< 0.25,< 0.25,< 0.25,< 0.25,5.8,6.9,13.3073,-21.5891,3.683159369,-21.26277222,10.5405,,
16SN-TW_Dfp09r1,Central Eastern,Snohomish,Fields Riffle,Delta,Mainstem Upper Delta,fry/parr,48.09,1.2,0,2,100,Wild,1.375957209,< 0.30,< 0.29,< 0.30,< 0.29,< 0.30,< 0.30,< 0.29,< 0.29,0.73,< 0.30,< 0.29,< 0.29,< 0.29,0.73,< 0.29,1.8,< 0.30,< 0.30,< 0.29,0.65,0.62,0.63,0.47,< 0.29,< 0.30,0.32,< 0.29,0.32,< 0.30,< 0.29,< 0.30,< 0.30,0.35,0.66,< 0.30,0.58,0.57,< 0.30,0.97,0.48,< 0.29,1.1,< 0.29,< 0.30,< 0.30,< 0.30,< 0.30,< 0.30,< 0.29,< 0.30,< 0.30,< 0.30,< 0.30,< 0.30,1.2,< 0.29,< 0.30,< 0.30,8.9,9.7,< 0.30,< 0.30,< 0.29,< 0.29,3,< 0.30,3,< 0.29,1.9,< 0.29,< 0.30,< 0.29,1,0.38,< 0.29,< 0.29,< 0.30,< 0.30,2.9,3.3,,,,,,,
16SN-TW_Dfp09r2,Central Eastern,Snohomish,Fields Riffle,Delta,Mainstem Upper Delta,fry/parr,40.24666667,0.9,0,3,100,Wild,1.302722914,< 0.28,< 0.27,< 0.28,< 0.28,< 0.28,< 0.28,< 0.27,< 0.27,< 0.27,< 0.28,< 0.28,< 0.27,0.49,0.49,< 0.27,< 0.27,< 0.28,< 0.28,< 0.27,0.55,0.59,0.58,0.39,< 0.27,< 0.28,0.37,< 0.28,0.38,< 0.28,< 0.27,< 0.28,0.36,0.52,0.85,0.3,0.68,0.71,< 0.28,1.3,0.66,< 0.27,1.6,< 0.28,< 0.28,< 0.28,< 0.28,< 0.28,0.34,< 0.28,0.41,< 0.28,< 0.28,< 0.28,< 0.28,< 0.28,< 0.27,< 0.28,< 0.28,11,15,< 0.28,< 0.28,< 0.27,0.28,5.4,< 0.28,5.7,< 0.27,2,< 0.28,< 0.28,< 0.27,0.83,0.45,< 0.27,< 0.28,< 0.28,< 0.28,2.83,3.2,,,,,,,
16SN-TW_Dfp09r3,Central Eastern,Snohomish,Fields Riffle,Delta,Mainstem Upper Delta,fry/parr,68.354,4.64,0,5,100,Wild,1.97289011,0.28,< 0.27,< 0.27,< 0.27,< 0.27,< 0.27,< 0.27,< 0.27,< 0.27,< 0.27,< 0.27,< 0.27,< 0.27,< 0.27,< 0.27,0.32,< 0.27,< 0.27,< 0.27,0.61,0.65,0.6,0.45,0.28,< 0.28,0.37,< 0.27,0.4,< 0.27,< 0.27,0.32,0.39,0.42,0.89,0.31,0.79,0.85,< 0.28,1.3,0.68,< 0.27,1.5,< 0.27,< 0.27,< 0.28,< 0.28,< 0.28,0.46,< 0.27,0.41,< 0.28,< 0.28,< 0.28,< 0.28,< 0.27,< 0.27,< 0.28,< 0.27,12,16,< 0.27,< 0.28,< 0.27,< 0.27,2.1,< 0.27,2.1,< 0.27,2.2,< 0.27,< 0.28,< 0.27,1.1,0.54,< 0.27,< 0.27,< 0.27,< 0.27,3.3,3.9,9.6751,-24.8119,4.024507416,-24.14763766,4.1314,,
16SN-TW_Dfp09r4,Central Eastern,Snohomish,Fields Riffle,Delta,Mainstem Upper Delta,fry/parr,66.68,6.3,0,3,100,Wild,2.016173379,0.28,< 0.22,< 0.22,< 0.22,< 0.22,< 0.22,< 0.22,< 0.22,< 0.22,< 0.23,< 0.22,< 0.22,0.24,0.24,< 0.22,< 0.22,< 0.22,< 0.22,0.22,0.54,0.57,0.52,0.4,< 0.22,< 0.23,0.27,< 0.22,0.28,< 0.22,< 0.22,< 0.23,0.25,< 0.23,0.42,< 0.23,0.44,0.43,< 0.23,0.66,0.3,< 0.22,0.68,< 0.22,< 0.22,< 0.23,< 0.23,< 0.23,< 0.22,< 0.22,< 0.23,< 0.23,< 0.23,< 0.23,< 0.23,< 0.23,< 0.22,< 0.23,< 0.22,6,7.6,< 0.22,< 0.23,< 0.22,< 0.22,1.5,< 0.23,1.5,< 0.22,1.5,< 0.22,< 0.23,< 0.22,1.2,0.39,< 0.22,< 0.22,< 0.23,< 0.23,2.7,3.2,8.6909,-25.0337,3.719131042,-24.67176027,3.2746,,
16SN-TW_Dfp09r5,Central Eastern,Snohomish,Fields Riffle,Delta,Mainstem Upper Delta,fry/parr,81.50333333,7.533333333,0,3,100,Wild,2.328068182,0.33,< 0.21,< 0.21,< 0.21,< 0.21,< 0.21,< 0.21,< 0.21,< 0.21,< 0.21,< 0.21,< 0.21,0.26,0.26,< 0.21,< 0.21,< 0.21,< 0.21,0.22,0.55,0.6,0.55,0.42,0.27,0.22,0.45,0.28,0.49,< 0.21,< 0.21,0.49,0.48,0.61,1.2,0.52,1.1,1.3,0.28,1.9,0.82,< 0.21,1.8,< 0.21,< 0.21,0.28,< 0.21,< 0.21,0.84,< 0.21,0.56,< 0.21,< 0.21,< 0.21,< 0.21,< 0.21,< 0.21,< 0.21,< 0.21,16,22,< 0.21,< 0.21,< 0.21,< 0.21,2.1,0.22,2.3,0.3,2.7,< 0.21,< 0.21,< 0.21,0.9,0.58,< 0.21,< 0.21,< 0.21,< 0.21,3.6,4.5,9.2975,-24.8159,3.740162666,-24.43313896,3.3942,,
16SN-TW_Dp09,Central Eastern,Snohomish,Fields Riffle,Delta,Mainstem Upper Delta,parr,81.87,6.566666667,3,0,0,Hatchery,1.220372986,< 0.20,< 0.19,< 0.20,< 0.20,< 0.20,< 0.20,< 0.19,< 0.19,< 0.20,< 0.20,< 0.20,< 0.20,< 0.20,< 0.20,< 0.20,< 0.20,< 0.20,< 0.20,0.21,0.52,0.53,0.48,0.38,0.22,< 0.20,0.31,0.24,0.32,< 0.20,< 0.19,0.23,0.28,0.35,0.65,0.21,0.54,0.61,< 0.20,1.1,0.47,< 0.20,1.2,< 0.20,< 0.20,< 0.20,< 0.20,< 0.20,0.36,< 0.20,0.34,< 0.20,< 0.20,< 0.20,< 0.20,< 0.20,< 0.20,< 0.20,< 0.20,9.6,13,< 0.20,< 0.20,< 0.20,< 0.19,2,< 0.20,2,< 0.19,2,< 0.20,< 0.20,< 0.20,1.6,0.42,< 0.20,< 0.20,< 0.20,< 0.20,3.6,4,10.0324,-21.8534,3.563369119,-21.64566457,5.5789,,
16SN-TW_Df11,Central Eastern,Snohomish,Old Bridge,Delta,Mainstem Upper Delta,fry,42.0675,0.775,0,4,100,Wild,1.243978,0.31,< 0.18,< 0.19,< 0.19,< 0.19,< 0.19,< 0.19,< 0.19,< 0.19,< 0.19,< 0.19,< 0.19,0.55,0.55,< 0.19,< 0.19,< 0.19,< 0.19,0.21,0.53,0.62,0.6,0.43,0.29,0.23,0.47,0.33,0.47,0.22,< 0.19,0.34,0.54,0.73,1.1,0.4,0.92,0.97,0.23,1.8,0.87,0.28,2,< 0.19,< 0.19,< 0.19,< 0.19,< 0.19,0.46,< 0.19,0.54,< 0.19,< 0.19,< 0.19,< 0.19,< 0.19,< 0.19,< 0.19,< 0.19,16,20,< 0.19,< 0.19,< 0.19,0.25,6.6,0.2,7,< 0.19,2.2,0.2,< 0.19,< 0.19,0.91,0.46,< 0.19,< 0.19,< 0.19,< 0.19,3.11,3.8,,,,,,,
16SN-TW_Dfp11r1,Central Eastern,Snohomish,Old Bridge,Delta,Mainstem Upper Delta,fry/parr,51.455,1.625,0,4,100,Wild,1.255857703,< 0.25,< 0.24,< 0.25,< 0.25,< 0.25,< 0.25,< 0.24,< 0.24,< 0.25,< 0.25,< 0.25,< 0.25,< 0.25,< 0.25,< 0.25,< 0.25,< 0.25,< 0.25,< 0.25,0.54,0.6,0.56,0.43,< 0.25,< 0.25,0.3,0.25,0.32,< 0.25,< 0.25,< 0.25,0.28,0.37,0.64,< 0.25,0.57,0.66,< 0.25,1.2,0.5,< 0.25,1.3,< 0.25,< 0.25,< 0.25,< 0.25,< 0.25,0.39,< 0.25,0.37,< 0.25,< 0.25,< 0.25,< 0.25,< 0.25,< 0.25,< 0.25,< 0.25,9.3,13,< 0.25,< 0.25,< 0.25,< 0.24,2.8,< 0.25,2.8,< 0.24,2.1,< 0.25,< 0.25,< 0.25,1.8,0.61,< 0.25,< 0.25,< 0.25,< 0.25,3.9,4.5,10.6687,-23.2679,3.490162629,-23.132639,7.1451,,
16SN-TW_Dfp11r2,Central Eastern,Snohomish,Old Bridge,Delta,Mainstem Upper Delta,fry/parr,72.89666667,4.4,0,3,100,Wild,0.87673327,< 0.18,< 0.18,< 0.18,< 0.18,< 0.18,< 0.18,< 0.18,< 0.18,< 0.18,< 0.18,< 0.18,< 0.18,< 0.18,< 0.18,< 0.18,< 0.18,< 0.18,< 0.18,< 0.18,0.44,0.51,0.46,0.34,0.19,0.2,0.3,0.27,0.39,0.2,< 0.18,0.3,0.31,0.64,1.1,0.42,0.47,1.2,0.23,1.4,0.51,< 0.18,1.4,< 0.18,< 0.18,< 0.19,< 0.19,< 0.19,0.33,< 0.18,0.28,< 0.19,< 0.19,< 0.19,< 0.19,< 0.18,< 0.18,< 0.19,< 0.18,12,16,< 0.18,< 0.19,< 0.18,< 0.18,1.2,< 0.19,1.2,< 0.18,1.6,< 0.18,< 0.19,< 0.18,1.4,0.39,< 0.18,< 0.18,< 0.18,< 0.18,3,3.3,8.7723,-24.0068,3.430194899,-23.93090705,4.5201,,
16SN-TW_Dfp11r3,Central Eastern,Snohomish,Old Bridge,Delta,Mainstem Upper Delta,fry/parr,89.97,8.225,1,3,75,Wild,2.031358969,0.31,< 0.19,< 0.20,< 0.20,< 0.20,< 0.20,< 0.20,< 0.19,< 0.20,< 0.20,< 0.20,< 0.20,0.3,0.3,< 0.20,< 0.20,< 0.20,< 0.20,< 0.20,0.45,0.5,0.48,0.36,< 0.20,< 0.20,0.27,0.23,0.3,< 0.20,< 0.20,< 0.20,0.24,0.31,0.53,0.23,0.46,0.56,< 0.20,0.92,0.35,< 0.20,0.98,< 0.20,< 0.20,< 0.20,< 0.20,< 0.20,0.33,< 0.20,0.27,< 0.20,< 0.20,< 0.20,< 0.20,< 0.20,< 0.20,< 0.20,< 0.20,7.8,11,< 0.20,< 0.20,< 0.20,< 0.19,2,< 0.20,2,0.21,2.8,< 0.20,< 0.20,< 0.20,2.6,0.64,< 0.20,0.22,< 0.20,< 0.20,5.4,6.4,8.9225,-24.0098,3.670391985,-23.69611193,3.8129,,
16SN-TW_Dp11r1,Central Eastern,Snohomish,Old Bridge,Delta,Mainstem Upper Delta,parr,80.1,6.1,2,0,0,Hatchery,1.027168557,< 0.28,< 0.27,< 0.28,< 0.28,< 0.28,< 0.28,< 0.28,< 0.28,< 0.28,< 0.28,< 0.28,< 0.28,< 0.28,< 0.28,< 0.28,< 0.28,< 0.28,< 0.28,< 0.28,0.35,0.46,0.43,0.29,< 0.28,< 0.28,< 0.28,< 0.28,0.32,< 0.28,< 0.28,< 0.28,< 0.28,0.42,0.74,0.28,0.62,0.7,< 0.28,1.3,0.64,< 0.28,1.5,< 0.28,< 0.28,< 0.28,< 0.28,< 0.28,0.59,< 0.28,0.62,< 0.28,< 0.28,< 0.28,< 0.28,< 0.28,< 0.28,< 0.28,< 0.28,9.3,13,< 0.28,< 0.28,< 0.28,< 0.27,1.9,< 0.28,1.9,< 0.28,1.4,< 0.28,< 0.28,< 0.28,1.2,0.4,< 0.28,< 0.28,< 0.28,< 0.28,2.6,3,10.0772,-21.8634,3.428846168,-21.78884229,7.1289,,
16SN-TW_Dp11r2,Central Eastern,Snohomish,Old Bridge,Delta,Mainstem Upper Delta,parr,95.095,9.6,2,0,0,Hatchery,0.658496292,< 0.29,< 0.28,< 0.29,< 0.29,< 0.29,< 0.29,< 0.29,< 0.29,< 0.29,< 0.29,< 0.29,< 0.29,< 0.29,< 0.29,< 0.29,< 0.29,< 0.29,< 0.29,< 0.29,0.32,0.39,0.36,< 0.29,< 0.29,< 0.29,< 0.29,< 0.29,< 0.29,< 0.29,< 0.29,< 0.29,< 0.29,< 0.29,0.42,< 0.29,0.39,0.49,< 0.29,0.96,0.35,< 0.29,1.1,< 0.29,< 0.29,< 0.29,< 0.29,< 0.29,0.47,< 0.29,0.46,< 0.29,< 0.29,< 0.29,< 0.29,< 0.29,< 0.29,< 0.29,< 0.29,5.7,9.2,< 0.29,< 0.29,< 0.29,< 0.28,2.1,< 0.29,2.1,< 0.29,3.9,0.31,< 0.29,< 0.29,3.2,0.84,< 0.29,0.4,< 0.29,< 0.29,7.1,8.6,9.3298,-22.9326,3.284687074,-23.0007598,5.2133,,
16SN-TW_Tf01,Central Eastern,Snohomish,Skykomish Trap ,River,Above Mainstem,fry,37.431,0.54,0,10,100,Wild,2.526170543,0.88,< 0.37,< 0.37,< 0.37,< 0.37,< 0.37,< 0.37,< 0.37,< 0.37,< 0.37,< 0.37,< 0.37,0.93,0.93,< 0.37,< 0.37,< 0.37,< 0.37,< 0.37,0.42,0.57,0.59,< 0.37,0.41,< 0.38,0.72,0.45,0.63,< 0.37,< 0.37,0.41,0.83,1.1,1.7,0.54,1.3,1.3,0.6,2.5,1.4,0.47,3,< 0.37,< 0.37,< 0.38,< 0.38,< 0.38,0.78,0.38,1.4,< 0.38,< 0.37,< 0.37,< 0.38,< 0.37,< 0.37,< 0.37,< 0.37,21,29,< 0.37,< 0.38,< 0.37,0.93,9.4,< 0.37,10,< 0.37,7.7,0.92,< 0.38,0.42,5.7,1.7,0.57,0.8,< 0.37,< 0.37,13.4,18,14.8088,-19.951,3.816577738,-19.49258804,12.041,,
16SN-TW_Tf02,Central Eastern,Snohomish,Snoqualmie Trap ,River,Above Mainstem,fry,36.82142857,0.385714286,0,7,100,Wild,3.129019543,1.1,< 0.48,< 0.49,< 0.49,< 0.49,0.63,0.57,< 0.48,< 0.48,< 0.49,< 0.49,< 0.48,1.4,2.6,< 0.48,< 0.48,< 0.49,< 0.49,< 0.48,0.73,0.94,0.96,0.54,0.62,0.55,1.1,0.7,0.91,< 0.49,< 0.48,0.59,1.3,1.6,2.5,0.75,1.8,1.7,0.68,3.4,1.9,0.62,4.1,< 0.49,< 0.49,< 0.49,< 0.49,< 0.49,0.89,< 0.49,1.5,< 0.49,< 0.49,< 0.49,< 0.49,< 0.49,< 0.48,< 0.49,< 0.49,30,40,< 0.49,< 0.49,< 0.48,1.2,12,< 0.49,14,< 0.48,6.6,0.76,< 0.49,< 0.49,1.6,1.1,< 0.48,< 0.49,< 0.49,< 0.49,8.2,10,,,,,,,
16SN-TW_Tp02,Central Eastern,Snohomish,Snoqualmie Trap ,River,Above Mainstem,parr,67.81,4.85,0,2,100,Wild,2.02249055,0.41,< 0.31,< 0.32,< 0.32,< 0.32,< 0.32,< 0.32,< 0.32,< 0.32,< 0.32,< 0.32,< 0.32,0.49,0.49,< 0.32,< 0.32,< 0.32,< 0.32,< 0.32,0.4,0.47,0.5,0.32,< 0.32,< 0.32,< 0.32,< 0.32,< 0.32,< 0.32,< 0.32,< 0.32,< 0.32,< 0.32,0.42,< 0.32,0.36,0.46,< 0.32,0.8,< 0.32,< 0.32,0.89,< 0.32,< 0.32,< 0.32,< 0.32,< 0.32,0.33,< 0.32,0.4,< 0.32,< 0.32,< 0.32,< 0.32,< 0.32,< 0.32,< 0.32,< 0.32,5.4,8.4,< 0.32,< 0.32,< 0.32,< 0.32,1.4,< 0.32,1.4,< 0.32,1.3,< 0.32,< 0.32,< 0.32,1.6,0.38,< 0.32,< 0.32,< 0.32,< 0.32,2.9,3.4,7.3628,-26.2886,3.734986093,-25.91096377,4.5915,-25.52326432,7.416227852
16NK-TW_Df01,North East,Nooksack,Delta Site 153,Delta,,fry,40.164,0.98,0,5,100,Wild,1.297465445,< 0.32,< 0.31,< 0.32,< 0.32,< 0.32,< 0.32,< 0.32,< 0.32,< 0.32,< 0.32,< 0.32,< 0.32,0.36,0.36,< 0.32,< 0.32,< 0.32,< 0.32,< 0.32,0.52,0.56,0.62,0.42,< 0.32,< 0.32,< 0.32,< 0.32,< 0.32,< 0.32,< 0.32,< 0.32,< 0.32,0.35,0.58,< 0.32,0.49,0.48,< 0.32,0.97,0.44,< 0.32,1.1,< 0.32,< 0.32,< 0.32,< 0.32,< 0.32,< 0.32,< 0.32,0.37,< 0.32,< 0.32,< 0.32,< 0.32,< 0.32,< 0.32,< 0.32,< 0.32,6.9,9.1,< 0.32,< 0.32,< 0.32,< 0.31,5.2,0.77,6,< 0.32,1.7,< 0.32,< 0.32,< 0.32,1.3,0.38,< 0.32,< 0.32,< 0.32,< 0.32,3,3.4,12.5669,-21.4579,3.485939125,-21.32682027,9.2803,,
16NK-TW_Tp02r1,North East,Nooksack,Trap,River,,parr,58.08285714,2.2,2,5,71.42857143,Wild,1.495707525,0.3,< 0.28,< 0.29,< 0.29,< 0.29,0.32,0.3,< 0.29,< 0.29,0.29,< 0.29,0.48,0.9,2.3,< 0.29,2,< 0.29,< 0.29,< 0.29,0.52,0.59,0.57,0.37,0.32,< 0.29,0.43,< 0.29,0.38,< 0.29,< 0.29,< 0.29,0.32,0.34,0.67,< 0.29,0.68,0.49,< 0.29,0.96,0.49,< 0.29,1,< 0.29,< 0.29,< 0.29,< 0.29,< 0.29,0.39,< 0.29,0.48,< 0.29,< 0.29,< 0.29,< 0.29,< 0.29,< 0.29,< 0.29,< 0.29,9.1,12,< 0.29,< 0.29,< 0.29,0.44,4.8,0.52,5.8,< 0.29,1.4,< 0.29,< 0.29,< 0.29,0.81,< 0.29,< 0.29,< 0.29,< 0.29,< 0.29,2.21,2.2,11.1285,-21.4037,3.571131003,-21.18828031,6.149,,
16NK-TW_Tp02r2,North East,Nooksack,Trap,River,,parr,65.325,3.083333333,3,3,50,Hatchery/Wild,1.490734227,< 0.31,< 0.30,< 0.31,< 0.31,< 0.31,< 0.31,< 0.30,< 0.30,< 0.31,< 0.31,< 0.31,< 0.31,0.41,0.41,< 0.30,0.97,< 0.31,< 0.31,< 0.30,0.59,0.62,0.61,0.4,< 0.31,< 0.31,0.37,< 0.31,0.35,< 0.31,< 0.30,< 0.31,0.32,0.36,0.7,< 0.31,0.64,0.49,< 0.31,0.96,0.53,< 0.30,1.1,< 0.31,< 0.31,< 0.31,< 0.31,< 0.31,0.33,< 0.31,0.45,< 0.31,< 0.31,< 0.31,< 0.31,< 0.31,< 0.30,< 0.31,< 0.31,8.8,12,< 0.31,< 0.31,< 0.31,< 0.30,2.5,< 0.31,2.5,< 0.30,0.96,< 0.31,< 0.31,< 0.31,0.53,< 0.31,< 0.31,< 0.31,< 0.31,< 0.31,1.49,1.5,10.1787,-22.5491,3.664562908,-22.24118272,5.8648,,
16NK-TW_Tp02r3,North East,Nooksack,Trap,River,,parr,66.82666667,3.566666667,2,4,66.66666667,Wild,2.304012518,0.42,< 0.28,< 0.28,< 0.28,< 0.28,< 0.28,< 0.28,< 0.28,< 0.28,0.32,< 0.28,< 0.28,0.46,0.78,< 0.28,3,< 0.28,< 0.28,< 0.28,0.61,0.65,0.66,0.41,0.32,< 0.29,0.43,< 0.28,0.38,< 0.28,< 0.28,< 0.29,0.31,< 0.29,0.57,< 0.29,0.72,0.47,< 0.29,0.79,0.41,< 0.28,0.81,< 0.28,< 0.28,< 0.29,< 0.29,< 0.29,< 0.28,< 0.28,0.33,< 0.29,< 0.29,< 0.29,< 0.29,< 0.28,< 0.28,< 0.29,< 0.28,7.9,11,< 0.28,< 0.29,< 0.28,0.47,3,0.32,3.8,< 0.28,1.7,< 0.28,< 0.29,< 0.28,0.95,0.29,< 0.28,< 0.28,< 0.29,< 0.29,2.65,2.9,10.431,-24.5137,3.719614922,-24.15128123,1.5498,,
16NK-TW_Tp02r4,North East,Nooksack,Trap,River,,parr,72.976,4.74,3,2,40,Hatchery/Wild,2.243209715,< 0.32,< 0.32,< 0.32,< 0.32,< 0.32,< 0.32,< 0.32,< 0.32,< 0.32,< 0.32,< 0.32,< 0.32,0.48,0.48,< 0.32,0.85,< 0.32,< 0.32,< 0.32,0.47,0.58,0.54,0.38,< 0.32,0.33,0.44,< 0.32,0.42,< 0.32,< 0.32,< 0.33,0.45,0.53,0.86,< 0.33,0.85,0.67,< 0.33,1.5,0.82,< 0.32,1.7,< 0.32,< 0.32,< 0.33,< 0.33,< 0.33,0.58,< 0.32,0.75,< 0.33,< 0.33,< 0.33,< 0.33,< 0.32,< 0.32,< 0.33,< 0.32,12,16,< 0.32,< 0.33,< 0.32,0.63,5.1,0.47,6.2,< 0.32,1.2,< 0.32,< 0.33,< 0.32,0.62,< 0.32,< 0.32,< 0.32,< 0.33,< 0.33,1.82,1.9,10.0418,-23.3211,3.804860223,-22.87428838,7.8668,-22.05773705,9.783896597
16NK-TW_Tp02r5,North East,Nooksack,Trap,River,,parr,91.03428571,9.071428571,3,4,57.14285714,Hatchery/Wild,3.746974259,1,< 0.31,< 0.32,< 0.32,< 0.32,0.35,< 0.32,< 0.32,< 0.32,< 0.32,< 0.32,< 0.32,0.59,0.95,< 0.32,0.37,< 0.32,< 0.32,< 0.32,0.4,0.49,0.48,0.32,< 0.32,< 0.32,0.36,< 0.32,0.33,< 0.32,< 0.32,< 0.32,< 0.32,0.35,0.63,< 0.32,0.45,0.44,< 0.32,0.84,0.42,< 0.32,0.93,< 0.32,< 0.32,< 0.32,< 0.32,< 0.32,< 0.32,< 0.32,0.34,< 0.32,< 0.32,< 0.32,< 0.32,< 0.32,< 0.32,< 0.32,< 0.32,6.8,8.9,< 0.32,< 0.32,< 0.32,0.34,1.6,< 0.32,1.9,< 0.32,0.43,< 0.32,< 0.32,< 0.32,< 0.32,< 0.32,< 0.32,< 0.32,< 0.32,< 0.32,0.75,0.43,12.1112,-21.6868,4.213978329,-20.83496145,9.6045,,
